Number of words,9257
Number of unique words,1106
Average word frequency,8.369801
Entropy,6.534286

Word,Frequency,Proportion,Entropy Term
dama,3,0.000324,0.002604
lilia,3,0.000324,0.002604
paredes,30,0.003241,0.018576
población,12,0.001296,0.008618
vacunatón,21,0.002269,0.013812
vacuna,27,0.002917,0.017026
josé,21,0.002269,0.013812
colegio,10,0.001080,0.007379
profesional,4,0.000432,0.003347
perú,105,0.011343,0.050806
periodo,4,0.000432,0.003347
españa,6,0.000648,0.004758
georgia,5,0.000540,0.004064
clasificatoria,3,0.000324,0.002604
mundial,13,0.001404,0.009224
catar,10,0.001080,0.007379
italia,4,0.000432,0.003347
empate,4,0.000432,0.003347
récord,5,0.000540,0.004064
partido,104,0.011235,0.050430
clasificatorias,12,0.001296,0.008618
día,63,0.006806,0.033960
internacional,12,0.001296,0.008618
mujer,43,0.004645,0.024953
indígena,8,0.000864,0.006096
rumbo,9,0.000972,0.006743
república,10,0.001080,0.007379
alemania,3,0.000324,0.002604
público,8,0.000864,0.006096
liderazgo,4,0.000432,0.003347
grupo,40,0.004321,0.023525
j,3,0.000324,0.002604
miembro,7,0.000756,0.005435
personal,4,0.000432,0.003347
seguridad,9,0.000972,0.006743
interior,8,0.000864,0.006096
estadio,27,0.002917,0.017026
nacional,38,0.004105,0.022559
exportación,7,0.000756,0.005435
julio,4,0.000432,0.003347
frente,11,0.001188,0.008003
mes,23,0.002485,0.014902
mayores,5,0.000540,0.004064
precio,7,0.000756,0.005435
resultado,11,0.001188,0.008003
noticia,4,0.000432,0.003347
madre,16,0.001728,0.010994
dios,7,0.000756,0.005435
conmebol,16,0.001728,0.010994
suspensión,33,0.003565,0.020094
autoridad,26,0.002809,0.016501
encuentro,12,0.001296,0.008618
brasil,126,0.013611,0.058486
argentina,116,0.012531,0.054880
eliminatorias,86,0.009290,0.043467
jugador,28,0.003025,0.017546
premier,17,0.001836,0.011569
league,9,0.000972,0.006743
información,12,0.001296,0.008618
ingreso,15,0.001620,0.010411
país,43,0.004645,0.024953
atención,9,0.000972,0.006743
consulta,6,0.000648,0.004758
examen,28,0.003025,0.017546
admisión,27,0.002917,0.017026
universidad,5,0.000540,0.004064
san,27,0.002917,0.017026
marcos,12,0.001296,0.008618
qatar,43,0.004645,0.024953
galería,4,0.000432,0.003347
foto,17,0.001836,0.011569
efe,3,0.000324,0.002604
brasilargentina,5,0.000540,0.004064
tuit,4,0.000432,0.003347
albiceleste,8,0.000864,0.006096
región,44,0.004753,0.025424
cusco,9,0.000972,0.006743
caso,39,0.004213,0.023043
variante,15,0.001620,0.010411
delta,5,0.000540,0.004064
distrito,12,0.001296,0.008618
sebastián,3,0.000324,0.002604
gobernador,3,0.000324,0.002604
jean,9,0.000972,0.006743
paul,6,0.000648,0.004758
presidente,60,0.006482,0.032659
carlos,12,0.001296,0.008618
comisión,23,0.002485,0.014902
proceso,13,0.001404,0.009224
carrera,5,0.000540,0.004064
concurso,8,0.000864,0.006096
beca,3,0.000324,0.002604
institución,6,0.000648,0.004758
regulador,3,0.000324,0.002604
selección,40,0.004321,0.023525
gol,7,0.000756,0.005435
clásico,4,0.000432,0.003347
américa,14,0.001512,0.009821
arena,6,0.000648,0.004758
sao,3,0.000324,0.002604
paulo,4,0.000432,0.003347
israel,4,0.000432,0.003347
puerta,9,0.000972,0.006743
turista,5,0.000540,0.004064
ola,6,0.000648,0.004758
juan,9,0.000972,0.006743
lurigancho,6,0.000648,0.004758
rodríguez,4,0.000432,0.003347
niño,21,0.002269,0.013812
programa,18,0.001944,0.012139
museo,5,0.000540,0.004064
hora,31,0.003349,0.019085
gratis,3,0.000324,0.002604
maría,23,0.002485,0.014902
garcía,5,0.000540,0.004064
vida,28,0.003025,0.017546
empresa,4,0.000432,0.003347
méxico,42,0.004537,0.024480
paso,8,0.000864,0.006096
caravana,5,0.000540,0.004064
migrant,16,0.001728,0.010994
us,7,0.000756,0.005435
millón,43,0.004645,0.024953
monto,3,0.000324,0.002604
inglaterra,9,0.000972,0.006743
andorra,4,0.000432,0.003347
retorno,6,0.000648,0.004758
aula,3,0.000324,0.002604
setiembre,39,0.004213,0.023043
judicial,4,0.000432,0.003347
audiencia,8,0.000864,0.006096
esterilización,4,0.000432,0.003347
condición,9,0.000972,0.006743
clase,10,0.001080,0.007379
medida,11,0.001188,0.008003
forma,5,0.000540,0.004064
vuelta,4,0.000432,0.003347
lingard,3,0.000324,0.002604
gobierno,55,0.005941,0.030455
deportación,4,0.000432,0.003347
futbolista,11,0.001188,0.008003
peru,3,0.000324,0.002604
of,4,0.000432,0.003347
peruana,12,0.001296,0.008618
venezuela,72,0.007778,0.037773
lima,81,0.008750,0.041464
callao,40,0.004321,0.023525
huancavelica,4,0.000432,0.003347
planta,11,0.001188,0.008003
oxígeno,10,0.001080,0.007379
juegos,15,0.001620,0.010411
paralímpicos,10,0.001080,0.007379
tokio,7,0.000756,0.005435
clave,7,0.000756,0.005435
autogestión,3,0.000324,0.002604
rol,3,0.000324,0.002604
familia,21,0.002269,0.013812
comunidad,7,0.000756,0.005435
libre,13,0.001404,0.009224
Ética,10,0.001080,0.007379
presidencia,8,0.000864,0.006096
congresista,12,0.001296,0.008618
cruz,4,0.000432,0.003347
guinea,7,0.000756,0.005435
cajamarca,5,0.000540,0.004064
centro,20,0.002161,0.013260
Ángeles,5,0.000540,0.004064
proyecto,9,0.000972,0.006743
provincia,4,0.000432,0.003347
miguel,5,0.000540,0.004064
cuestión,5,0.000540,0.004064
omar,3,0.000324,0.002604
ley,12,0.001296,0.008618
evento,4,0.000432,0.003347
arequipa,14,0.001512,0.009821
piura,7,0.000756,0.005435
vacunación,40,0.004321,0.023525
año,161,0.017392,0.070469
metropolitana,11,0.001188,0.008003
ica,21,0.002269,0.013812
acceso,3,0.000324,0.002604
internet,6,0.000648,0.004758
app,3,0.000324,0.002604
acción,11,0.001188,0.008003
popular,13,0.001404,0.009224
viento,4,0.000432,0.003347
vivienda,3,0.000324,0.002604
ayuda,6,0.000648,0.004758
nota,9,0.000972,0.006743
jefa,3,0.000324,0.002604
ceremonia,6,0.000648,0.004758
clausura,6,0.000648,0.004758
mecanismo,3,0.000324,0.002604
elección,5,0.000540,0.004064
magistrado,4,0.000432,0.003347
tc,4,0.000432,0.003347
parís,3,0.000324,0.002604
relevo,3,0.000324,0.002604
ejecución,5,0.000540,0.004064
aeropuerto,6,0.000648,0.004758
chinchero,3,0.000324,0.002604
herido,6,0.000648,0.004758
incapacidad,3,0.000324,0.002604
destino,4,0.000432,0.003347
sudamérica,3,0.000324,0.002604
Óscar,3,0.000324,0.002604
turismo,5,0.000540,0.004064
sector,14,0.001512,0.009821
cultura,5,0.000540,0.004064
protección,7,0.000756,0.005435
sinopharm,6,0.000648,0.004758
inflación,3,0.000324,0.002604
latinoamérica,5,0.000540,0.004064
ministro,22,0.002377,0.014360
inicio,5,0.000540,0.004064
pueblo,23,0.002485,0.014902
ciro,5,0.000540,0.004064
gálvez,5,0.000540,0.004064
participación,3,0.000324,0.002604
medalla,3,0.000324,0.002604
oro,5,0.000540,0.004064
vídeo,3,0.000324,0.002604
jornada,19,0.002053,0.012702
director,20,0.002161,0.013260
función,4,0.000432,0.003347
lengua,3,0.000324,0.002604
signo,12,0.001296,0.008618
bosque,3,0.000324,0.002604
piedra,3,0.000324,0.002604
uruguay,12,0.001296,0.008618
triunfo,10,0.001080,0.007379
bolivia,9,0.000972,0.006743
movistar,23,0.002485,0.014902
deportes,9,0.000972,0.006743
canal,18,0.001944,0.012139
paraguay,11,0.001188,0.008003
colombia,20,0.002161,0.013260
posibilidad,4,0.000432,0.003347
ecuador,26,0.002809,0.016501
chile,28,0.003025,0.017546
lunes,12,0.001296,0.008618
organización,4,0.000432,0.003347
coronavirus,39,0.004213,0.023043
eliminatoria,3,0.000324,0.002604
peruano,15,0.001620,0.010411
latina,3,0.000324,0.002604
fútbol,6,0.000648,0.004758
horas,5,0.000540,0.004064
alianza,16,0.001728,0.010994
título,4,0.000432,0.003347
copa,7,0.000756,0.005435
femenina,5,0.000540,0.004064
final,10,0.001080,0.007379
eeuu,19,0.002053,0.012702
pandemia,30,0.003241,0.018576
viaje,4,0.000432,0.003347
contagio,7,0.000756,0.005435
fecha,50,0.005401,0.028201
persona,75,0.008102,0.039016
alejandra,10,0.001080,0.007379
dato,3,0.000324,0.002604
dosis,36,0.003889,0.021582
europa,4,0.000432,0.003347
urgencia,4,0.000432,0.003347
reto,7,0.000756,0.005435
joven,15,0.001620,0.010411
estrategia,6,0.000648,0.004758
talento,3,0.000324,0.002604
adolescente,7,0.000756,0.005435
comorbilidad,4,0.000432,0.003347
cambio,14,0.001512,0.009821
valle,5,0.000540,0.004064
colca,4,0.000432,0.003347
agenda,4,0.000432,0.003347
actividad,7,0.000756,0.005435
congreso,22,0.002377,0.014360
cuba,4,0.000432,0.003347
sistema,7,0.000756,0.005435
alerta,5,0.000540,0.004064
objetivo,8,0.000864,0.006096
costa,8,0.000864,0.006096
mensaje,12,0.001296,0.008618
vania,22,0.002377,0.014360
bludau,22,0.002377,0.014360
reinas,71,0.007670,0.037356
show,90,0.009722,0.045047
directora,6,0.000648,0.004758
inmunización,13,0.001404,0.009224
minsa,29,0.003133,0.018063
mañana,5,0.000540,0.004064
equipo,20,0.002161,0.013260
gian,4,0.000432,0.003347
piero,4,0.000432,0.003347
díaz,4,0.000432,0.003347
detalle,14,0.001512,0.009821
chico,8,0.000864,0.006096
eeg,10,0.001080,0.007379
debut,5,0.000540,0.004064
reality,12,0.001296,0.008618
televisa,3,0.000324,0.002604
estrella,5,0.000540,0.004064
torres,10,0.001080,0.007379
tommy,4,0.000432,0.003347
portugal,4,0.000432,0.003347
red,18,0.001944,0.012139
melissa,24,0.002593,0.015439
baile,15,0.001620,0.010411
robo,5,0.000540,0.004064
hampón,3,0.000324,0.002604
vehículo,4,0.000432,0.003347
domingo,48,0.005185,0.027285
vacante,5,0.000540,0.004064
jefe,19,0.002053,0.012702
delincuente,14,0.001512,0.009821
titular,14,0.001512,0.009821
declaración,7,0.000756,0.005435
ojo,3,0.000324,0.002604
tormenta,3,0.000324,0.002604
talibán,19,0.002053,0.012702
avión,6,0.000648,0.004758
cuerpo,4,0.000432,0.003347
sur,13,0.001404,0.009224
coronel,4,0.000432,0.003347
acto,3,0.000324,0.002604
papa,4,0.000432,0.003347
francisco,6,0.000648,0.004758
refugiado,4,0.000432,0.003347
plan,4,0.000432,0.003347
inversión,4,0.000432,0.003347
unidos,21,0.002269,0.013812
economía,5,0.000540,0.004064
residencia,3,0.000324,0.002604
covid,6,0.000648,0.004758
situación,8,0.000864,0.006096
mundo,14,0.001512,0.009821
puesto,10,0.001080,0.007379
medallero,5,0.000540,0.004064
lucha,17,0.001836,0.011569
aporte,6,0.000648,0.004758
ataque,14,0.001512,0.009821
york,15,0.001620,0.010411
periodista,4,0.000432,0.003347
guerra,18,0.001944,0.012139
cuarentena,6,0.000648,0.004758
hombre,8,0.000864,0.006096
música,4,0.000432,0.003347
voz,11,0.001188,0.008003
ciencia,3,0.000324,0.002604
reacción,7,0.000756,0.005435
actitud,3,0.000324,0.002604
político,3,0.000324,0.002604
libro,7,0.000756,0.005435
historia,8,0.000864,0.006096
muerte,11,0.001188,0.008003
investigación,5,0.000540,0.004064
cantidad,3,0.000324,0.002604
alter,3,0.000324,0.002604
ego,3,0.000324,0.002604
holmes,3,0.000324,0.002604
prueba,6,0.000648,0.004758
compañía,7,0.000756,0.005435
enfermedad,5,0.000540,0.004064
cáncer,15,0.001620,0.010411
cara,3,0.000324,0.002604
amor,13,0.001404,0.009224
tráfico,3,0.000324,0.002604
problema,8,0.000864,0.006096
crimen,6,0.000648,0.004758
lara,3,0.000324,0.002604
crónica,3,0.000324,0.002604
caída,7,0.000756,0.005435
paz,8,0.000864,0.006096
afganistán,30,0.003241,0.018576
ciencias,3,0.000324,0.002604
ejercicio,3,0.000324,0.002604
honor,4,0.000432,0.003347
hija,4,0.000432,0.003347
tony,4,0.000432,0.003347
muestra,3,0.000324,0.002604
dolor,3,0.000324,0.002604
revista,3,0.000324,0.002604
escritor,4,0.000432,0.003347
español,3,0.000324,0.002604
empleado,3,0.000324,0.002604
boxeador,3,0.000324,0.002604
experto,7,0.000756,0.005435
artes,3,0.000324,0.002604
ciudad,24,0.002593,0.015439
caracas,3,0.000324,0.002604
qaeda,4,0.000432,0.003347
islámico,4,0.000432,0.003347
aspiración,3,0.000324,0.002604
china,5,0.000540,0.004064
oeste,3,0.000324,0.002604
mexicano,3,0.000324,0.002604
anne,4,0.000432,0.003347
democracia,9,0.000972,0.006743
premio,11,0.001188,0.008003
pulitzer,4,0.000432,0.003347
torre,4,0.000432,0.003347
atentado,9,0.000972,0.006743
septiembre,26,0.002809,0.016501
curso,3,0.000324,0.002604
semana,31,0.003349,0.019085
infección,6,0.000648,0.004758
poeta,10,0.001080,0.007379
ensayo,5,0.000540,0.004064
mito,4,0.000432,0.003347
imagen,4,0.000432,0.003347
muro,4,0.000432,0.003347
participante,17,0.001836,0.011569
the,4,0.000432,0.003347
paciente,8,0.000864,0.006096
cuidado,5,0.000540,0.004064
report,3,0.000324,0.002604
niña,5,0.000540,0.004064
alternativa,3,0.000324,0.002604
hogar,4,0.000432,0.003347
padre,8,0.000864,0.006096
sequía,3,0.000324,0.002604
teresa,3,0.000324,0.002604
elizabeth,3,0.000324,0.002604
gareca,7,0.000756,0.005435
cariño,4,0.000432,0.003347
tabla,5,0.000540,0.004064
posición,8,0.000864,0.006096
capitán,3,0.000324,0.002604
crítica,5,0.000540,0.004064
padrón,4,0.000432,0.003347
pedro,28,0.003025,0.017546
castillo,33,0.003565,0.020094
incremento,4,0.000432,0.003347
relación,7,0.000756,0.005435
convoca,3,0.000324,0.002604
agua,10,0.001080,0.007379
ambiente,5,0.000540,0.004064
escolar,7,0.000756,0.005435
daniel,5,0.000540,0.004064
uci,3,0.000324,0.002604
riesgo,18,0.001944,0.012139
edad,7,0.000756,0.005435
modalidad,5,0.000540,0.004064
estafa,3,0.000324,0.002604
compra,3,0.000324,0.002604
venta,5,0.000540,0.004064
dinero,3,0.000324,0.002604
busca,3,0.000324,0.002604
impunidad,3,0.000324,0.002604
entrevista,9,0.000972,0.006743
pérez,6,0.000648,0.004758
justicia,9,0.000972,0.006743
fiscal,6,0.000648,0.004758
nación,4,0.000432,0.003347
competencia,9,0.000972,0.006743
administración,5,0.000540,0.004064
colaboración,3,0.000324,0.002604
luis,16,0.001728,0.010994
latorre,6,0.000648,0.004758
dirección,7,0.000756,0.005435
inteligencia,5,0.000540,0.004064
dini,16,0.001728,0.010994
cuarto,3,0.000324,0.002604
belleza,3,0.000324,0.002604
denuncia,3,0.000324,0.002604
escuela,6,0.000648,0.004758
escándalo,10,0.001080,0.007379
obra,4,0.000432,0.003347
avance,3,0.000324,0.002604
parque,6,0.000648,0.004758
funcionario,3,0.000324,0.002604
peligro,3,0.000324,0.002604
papelón,4,0.000432,0.003347
fifa,7,0.000756,0.005435
dybala,4,0.000432,0.003347
lionel,20,0.002161,0.013260
messi,26,0.002809,0.016501
tapia,14,0.001512,0.009821
vs,34,0.003673,0.020593
visitante,4,0.000432,0.003347
banderazo,3,0.000324,0.002604
corinthians,9,0.000972,0.006743
scaloni,7,0.000756,0.005435
anvisa,8,0.000864,0.006096
mem,3,0.000324,0.002604
fotos,11,0.001188,0.008003
papel,10,0.001080,0.007379
interrupción,5,0.000540,0.004064
campeón,4,0.000432,0.003347
liga,8,0.000864,0.006096
universitario,6,0.000648,0.004758
consecuencia,5,0.000540,0.004064
local,13,0.001404,0.009224
duelo,16,0.001728,0.010994
llegada,10,0.001080,0.007379
pelea,6,0.000648,0.004758
cholito,4,0.000432,0.003347
lapadula,17,0.001836,0.011569
cueva,9,0.000972,0.006743
hincha,7,0.000756,0.005435
ricardo,8,0.000864,0.006096
cabeza,5,0.000540,0.004064
mercado,3,0.000324,0.002604
luz,6,0.000648,0.004758
fc,3,0.000324,0.002604
barcelona,9,0.000972,0.006743
koeman,3,0.000324,0.002604
cosa,6,0.000648,0.004758
discusión,4,0.000432,0.003347
kane,3,0.000324,0.002604
compañero,6,0.000648,0.004758
united,3,0.000324,0.002604
serie,8,0.000864,0.006096
punto,20,0.002161,0.013260
bale,6,0.000648,0.004758
victoria,4,0.000432,0.003347
gales,5,0.000540,0.004064
visita,4,0.000432,0.003347
bielorrusia,3,0.000324,0.002604
gareth,6,0.000648,0.004758
hattrick,3,0.000324,0.002604
sueño,5,0.000540,0.004064
espinoza,4,0.000432,0.003347
rodrigo,7,0.000756,0.005435
guillén,9,0.000972,0.006743
efraín,3,0.000324,0.002604
sotacuro,3,0.000324,0.002604
camiseta,6,0.000648,0.004758
cristiano,3,0.000324,0.002604
ronaldo,3,0.000324,0.002604
motivo,5,0.000540,0.004064
locura,4,0.000432,0.003347
neymar,8,0.000864,0.006096
psg,3,0.000324,0.002604
euros,8,0.000864,0.006096
link,3,0.000324,0.002604
horario,12,0.001296,0.008618
vía,12,0.001296,0.008618
play,3,0.000324,0.002604
burofax,3,0.000324,0.002604
laporta,3,0.000324,0.002604
canadá,3,0.000324,0.002604
pública,3,0.000324,0.002604
minuto,19,0.002053,0.012702
quito,11,0.001188,0.008003
espn,3,0.000324,0.002604
europeas,8,0.000864,0.006096
mercedes,3,0.000324,0.002604
sports,4,0.000432,0.003347
defensores,5,0.000540,0.004064
chaco,4,0.000432,0.003347
river,3,0.000324,0.002604
plate,3,0.000324,0.002604
independiente,3,0.000324,0.002604
boca,6,0.000648,0.004758
central,3,0.000324,0.002604
culpa,3,0.000324,0.002604
alineación,5,0.000540,0.004064
chorri,15,0.001620,0.010411
enemigo,4,0.000432,0.003347
vestimenta,3,0.000324,0.002604
medio,18,0.001944,0.012139
cancha,8,0.000864,0.006096
essalud,9,0.000972,0.006743
instituto,7,0.000756,0.005435
sedapal,10,0.001080,0.007379
abastecimiento,5,0.000540,0.004064
emergencia,8,0.000864,0.006096
pese,10,0.001080,0.007379
pedido,3,0.000324,0.002604
ugaz,8,0.000864,0.006096
norma,8,0.000864,0.006096
viajero,6,0.000648,0.004758
reino,5,0.000540,0.004064
unido,5,0.000540,0.004064
agencia,5,0.000540,0.004064
sanitaria,5,0.000540,0.004064
vladimir,6,0.000648,0.004758
cerrón,15,0.001620,0.010411
alva,16,0.001728,0.010994
vacancia,13,0.001404,0.009224
falta,5,0.000540,0.004064
respeto,3,0.000324,0.002604
renato,8,0.000864,0.006096
comentario,8,0.000864,0.006096
viernes,7,0.000756,0.005435
maduro,6,0.000648,0.004758
covax,5,0.000540,0.004064
aída,3,0.000324,0.002604
domicilio,6,0.000648,0.004758
semipresencialidad,5,0.000540,0.004064
transporte,5,0.000540,0.004064
olivos,9,0.000972,0.006743
pnp,5,0.000540,0.004064
casa,21,0.002269,0.013812
apuesta,9,0.000972,0.006743
víctima,12,0.001296,0.008618
camioneta,19,0.002053,0.012702
rosangella,3,0.000324,0.002604
bellido,20,0.002161,0.013260
manotazo,3,0.000324,0.002604
gianluca,7,0.000756,0.005435
christian,10,0.001080,0.007379
carmen,14,0.001512,0.009821
presidenta,4,0.000432,0.003347
calle,10,0.001080,0.007379
aprobación,5,0.000540,0.004064
joe,7,0.000756,0.005435
biden,8,0.000864,0.006096
manejo,4,0.000432,0.003347
retiro,4,0.000432,0.003347
tropa,4,0.000432,0.003347
guatemala,7,0.000756,0.005435
ciudadano,11,0.001188,0.008003
estudiante,11,0.001188,0.008003
martes,9,0.000972,0.006743
arabia,4,0.000432,0.003347
saudita,4,0.000432,0.003347
misil,5,0.000540,0.004064
drón,4,0.000432,0.003347
yemen,4,0.000432,0.003347
secretario,6,0.000648,0.004758
esposo,6,0.000648,0.004758
gemelo,4,0.000432,0.003347
palabra,4,0.000432,0.003347
polémica,4,0.000432,0.003347
zona,10,0.001080,0.007379
corte,9,0.000972,0.006743
servicio,7,0.000756,0.005435
sjl,11,0.001188,0.008003
aniego,8,0.000864,0.006096
tarde,4,0.000432,0.003347
sábado,9,0.000972,0.006743
postulante,5,0.000540,0.004064
tacna,13,0.001404,0.009224
unmsm,10,0.001080,0.007379
policía,20,0.002161,0.013260
presencia,8,0.000864,0.006096
vista,4,0.000432,0.003347
ministerio,22,0.002377,0.014360
opinión,7,0.000756,0.005435
Ángel,3,0.000324,0.002604
importancia,8,0.000864,0.006096
césar,3,0.000324,0.002604
isabel,19,0.002053,0.012702
león,5,0.000540,0.004064
editorial,3,0.000324,0.002604
contraloría,3,0.000324,0.002604
auto,3,0.000324,0.002604
dólares,5,0.000540,0.004064
terrorismo,3,0.000324,0.002604
maraví,13,0.001404,0.009224
rivera,3,0.000324,0.002604
mu,9,0.000972,0.006743
frontera,8,0.000864,0.006096
guido,7,0.000756,0.005435
fernández,4,0.000432,0.003347
horóscopo,10,0.001080,0.007379
predicción,6,0.000648,0.004758
briceño,4,0.000432,0.003347
portada,10,0.001080,0.007379
rojas,6,0.000648,0.004758
fiesta,3,0.000324,0.002604
diálogo,5,0.000540,0.004064
sanidad,3,0.000324,0.002604
vergüenza,3,0.000324,0.002604
salida,4,0.000432,0.003347
tumbes,6,0.000648,0.004758
puente,3,0.000324,0.002604
osinergmin,3,0.000324,0.002604
cobertura,3,0.000324,0.002604
vale,3,0.000324,0.002604
sétima,6,0.000648,0.004758
manchester,3,0.000324,0.002604
costo,3,0.000324,0.002604
bono,12,0.001296,0.008618
sol,11,0.001188,0.008003
subsidio,5,0.000540,0.004064
beneficiario,5,0.000540,0.004064
palacios,7,0.000756,0.005435
gallese,6,0.000648,0.004758
ramos,5,0.000540,0.004064
brecha,7,0.000756,0.005435
autor,3,0.000324,0.002604
feria,3,0.000324,0.002604
lee,20,0.002161,0.013260
exposición,5,0.000540,0.004064
banco,6,0.000648,0.004758
retraso,3,0.000324,0.002604
funcionamiento,4,0.000432,0.003347
etapa,7,0.000756,0.005435
línea,3,0.000324,0.002604
ii,5,0.000540,0.004064
edición,10,0.001080,0.007379
trabajador,5,0.000540,0.004064
reunión,4,0.000432,0.003347
alcalde,4,0.000432,0.003347
amazonas,4,0.000432,0.003347
loreto,7,0.000756,0.005435
postulant,5,0.000540,0.004064
incendio,5,0.000540,0.004064
banda,4,0.000432,0.003347
derecho,8,0.000864,0.006096
política,6,0.000648,0.004758
conductor,4,0.000432,0.003347
siglo,5,0.000540,0.004064
permiso,3,0.000324,0.002604
aforo,4,0.000432,0.003347
nivel,4,0.000432,0.003347
oficial,3,0.000324,0.002604
senior,6,0.000648,0.004758
roberto,5,0.000540,0.004064
hotel,3,0.000324,0.002604
rafael,7,0.000756,0.005435
lópez,13,0.001404,0.009224
aliaga,6,0.000648,0.004758
emisario,6,0.000648,0.004758
bermejo,6,0.000648,0.004758
gabinete,6,0.000648,0.004758
francia,5,0.000540,0.004064
santiago,6,0.000648,0.004758
guillermo,10,0.001080,0.007379
dávila,5,0.000540,0.004064
necesidad,3,0.000324,0.002604
dina,5,0.000540,0.004064
boluarte,5,0.000540,0.004064
activo,4,0.000432,0.003347
sanción,5,0.000540,0.004064
materia,3,0.000324,0.002604
negocio,8,0.000864,0.006096
expresidente,3,0.000324,0.002604
wilson,3,0.000324,0.002604
soto,5,0.000540,0.004064
bancada,5,0.000540,0.004064
movadef,3,0.000324,0.002604
iber,9,0.000972,0.006743
jorge,4,0.000432,0.003347
quechua,4,0.000432,0.003347
linares,3,0.000324,0.002604
camino,3,0.000324,0.002604
violencia,9,0.000972,0.006743
expectativa,3,0.000324,0.002604
mal,3,0.000324,0.002604
magaly,11,0.001188,0.008003
medina,14,0.001512,0.009821
abuela,3,0.000324,0.002604
daño,4,0.000432,0.003347
gabriela,14,0.001512,0.009821
jiménez,3,0.000324,0.002604
vacunatorio,10,0.001080,0.007379
vaca,5,0.000540,0.004064
apoyo,4,0.000432,0.003347
sociedad,5,0.000540,0.004064
laura,3,0.000324,0.002604
ladrón,5,0.000540,0.004064
toque,4,0.000432,0.003347
impacto,3,0.000324,0.002604
world,3,0.000324,0.002604
trade,3,0.000324,0.002604
center,3,0.000324,0.002604
gianella,3,0.000324,0.002604
infarto,4,0.000432,0.003347
operación,5,0.000540,0.004064
causa,5,0.000540,0.004064
danna,3,0.000324,0.002604
paola,3,0.000324,0.002604
pijama,3,0.000324,0.002604
alcohol,3,0.000324,0.002604
gisela,13,0.001404,0.009224
valcárcel,8,0.000864,0.006096
ethel,4,0.000432,0.003347
pozo,4,0.000432,0.003347
expareja,3,0.000324,0.002604
paolo,7,0.000756,0.005435
guerrero,17,0.001836,0.011569
lotería,6,0.000648,0.004758
dueño,4,0.000432,0.003347
boleto,3,0.000324,0.002604
técnico,3,0.000324,0.002604
herrera,10,0.001080,0.007379
diana,5,0.000540,0.004064
sánchez,9,0.000972,0.006743
baigorria,9,0.000972,0.006743
pamela,6,0.000648,0.004758
brenda,5,0.000540,0.004064
carvalho,5,0.000540,0.004064
gala,6,0.000648,0.004758
mario,8,0.000864,0.006096
nicola,4,0.000432,0.003347
porcella,4,0.000432,0.003347
cantante,5,0.000540,0.004064
emilia,3,0.000324,0.002604
drago,3,0.000324,0.002604
rosángela,3,0.000324,0.002604
patricio,3,0.000324,0.002604
parodi,4,0.000432,0.003347
ins,4,0.000432,0.003347
milagro,6,0.000648,0.004758
migraciones,4,0.000432,0.003347
paloma,5,0.000540,0.004064
fiuza,4,0.000432,0.003347
herida,4,0.000432,0.003347
guerreros,12,0.001296,0.008618
eva,6,0.000648,0.004758
ayllón,5,0.000540,0.004064
daniela,4,0.000432,0.003347
darcourt,3,0.000324,0.002604
gana,5,0.000540,0.004064
condena,3,0.000324,0.002604
fraude,4,0.000432,0.003347
descompensación,10,0.001080,0.007379
nervio,3,0.000324,0.002604
enfrentamiento,3,0.000324,0.002604
acevedo,18,0.001944,0.012139
suárez,5,0.000540,0.004064
barrio,3,0.000324,0.002604
actor,11,0.001188,0.008003
cachín,4,0.000432,0.003347
película,3,0.000324,0.002604
asu,4,0.000432,0.003347
mare,4,0.000432,0.003347
carne,3,0.000324,0.002604
reina,23,0.002485,0.014902
razón,6,0.000648,0.004758
chyno,4,0.000432,0.003347
miranda,4,0.000432,0.003347
natasha,6,0.000648,0.004758
araos,6,0.000648,0.004758
angie,4,0.000432,0.003347
jibaja,3,0.000324,0.002604
hijo,12,0.001296,0.008618
arma,8,0.000864,0.006096
fuego,6,0.000648,0.004758
tilsa,5,0.000540,0.004064
versu,3,0.000324,0.002604
bachata,5,0.000540,0.004064
martínez,3,0.000324,0.002604
muerto,8,0.000864,0.006096
tiroteo,8,0.000864,0.006096
flow,3,0.000324,0.002604
escena,4,0.000432,0.003347
malanga,3,0.000324,0.002604
lady,10,0.001080,0.007379
emoción,3,0.000324,0.002604
nombre,8,0.000864,0.006096
machista,3,0.000324,0.002604
cargo,8,0.000864,0.006096
integrante,3,0.000324,0.002604
gabriel,5,0.000540,0.004064
pastor,3,0.000324,0.002604
temporada,7,0.000756,0.005435
giselo,3,0.000324,0.002604
rumor,4,0.000432,0.003347
ampay,3,0.000324,0.002604
am,4,0.000432,0.003347
andrés,4,0.000432,0.003347
web,6,0.000648,0.004758
decisión,9,0.000972,0.006743
mano,4,0.000432,0.003347
árbitro,3,0.000324,0.002604
online,3,0.000324,0.002604
reloj,3,0.000324,0.002604
sheyla,3,0.000324,0.002604
frase,4,0.000432,0.003347
olivo,6,0.000648,0.004758
gasto,3,0.000324,0.002604
educación,5,0.000540,0.004064
ritmo,8,0.000864,0.006096
campo,7,0.000756,0.005435
marte,3,0.000324,0.002604
directo,5,0.000540,0.004064
tierra,4,0.000432,0.003347
capítulo,3,0.000324,0.002604
golpe,11,0.001188,0.008003
combate,4,0.000432,0.003347
cadena,5,0.000540,0.004064
bus,4,0.000432,0.003347
terror,3,0.000324,0.002604
saldaña,3,0.000324,0.002604
josimar,3,0.000324,0.002604
silencio,4,0.000432,0.003347
señal,18,0.001944,0.012139
auge,3,0.000324,0.002604
kandahar,3,0.000324,0.002604
cuna,3,0.000324,0.002604
sam,3,0.000324,0.002604
heughan,3,0.000324,0.002604
sophie,3,0.000324,0.002604
skelton,3,0.000324,0.002604
versión,4,0.000432,0.003347
salud,28,0.003025,0.017546
noche,10,0.001080,0.007379
promoción,3,0.000324,0.002604
trome,4,0.000432,0.003347
leslie,3,0.000324,0.002604
moscoso,3,0.000324,0.002604
bambas,3,0.000324,0.002604
informe,14,0.001512,0.009821
david,3,0.000324,0.002604
cielo,3,0.000324,0.002604
permanencia,3,0.000324,0.002604
oposición,10,0.001080,0.007379
negociación,5,0.000540,0.004064
dz,6,0.000648,0.004758
acuerdo,6,0.000648,0.004758
condé,7,0.000756,0.005435
fuerza,9,0.000972,0.006743
alpha,5,0.000540,0.004064
capital,7,0.000756,0.005435
disparo,3,0.000324,0.002604
conjunto,5,0.000540,0.004064
general,5,0.000540,0.004064
animal,4,0.000432,0.003347
rival,3,0.000324,0.002604
marcha,3,0.000324,0.002604
familiar,3,0.000324,0.002604
libertad,3,0.000324,0.002604
ee,11,0.001188,0.008003
uu,11,0.001188,0.008003
bukele,8,0.000864,0.006096
fallo,5,0.000540,0.004064
supremo,4,0.000432,0.003347
reelección,9,0.000972,0.006743
líder,13,0.001404,0.009224
protesta,4,0.000432,0.003347
contenido,8,0.000864,0.006096
suscriptor,6,0.000648,0.004758
comercio,6,0.000648,0.004758
suscríbete,6,0.000648,0.004758
militantes,3,0.000324,0.002604
talibanes,4,0.000432,0.003347
florida,5,0.000540,0.004064
bebé,3,0.000324,0.002604
tolerancia,5,0.000540,0.004064
procurador,5,0.000540,0.004064
bicolor,5,0.000540,0.004064
huracán,4,0.000432,0.003347
ida,6,0.000648,0.004758
murdaugh,3,0.000324,0.002604
abogado,5,0.000540,0.004064
zelanda,3,0.000324,0.002604
crisis,8,0.000864,0.006096
recomendación,4,0.000432,0.003347
espacio,3,0.000324,0.002604
sabía,4,0.000432,0.003347
millonario,3,0.000324,0.002604
washington,5,0.000540,0.004064
salvador,10,0.001080,0.007379
irlanda,3,0.000324,0.002604
tipo,3,0.000324,0.002604
encuesta,3,0.000324,0.002604
tribuna,3,0.000324,0.002604
enlace,3,0.000324,0.002604
presión,3,0.000324,0.002604
militar,4,0.000432,0.003347
teniente,3,0.000324,0.002604
mamady,4,0.000432,0.003347
doumbouya,4,0.000432,0.003347
fuerzas,4,0.000432,0.003347
aire,5,0.000540,0.004064
miedo,3,0.000324,0.002604
tribunal,3,0.000324,0.002604
desarrollo,6,0.000648,0.004758
marco,3,0.000324,0.002604
poesía,3,0.000324,0.002604
territorio,6,0.000648,0.004758
época,3,0.000324,0.002604
defensa,7,0.000756,0.005435
vargas,4,0.000432,0.003347
sarah,3,0.000324,0.002604
harding,3,0.000324,0.002604
girls,3,0.000324,0.002604
aloud,3,0.000324,0.002604
grace,3,0.000324,0.002604
veracruz,4,0.000432,0.003347
habitante,4,0.000432,0.003347
municipio,5,0.000540,0.004064
deporte,3,0.000324,0.002604
quetta,3,0.000324,0.002604
economista,3,0.000324,0.002604
esperanza,3,0.000324,0.002604
texas,6,0.000648,0.004758
embarazo,4,0.000432,0.003347
aborto,5,0.000540,0.004064
representante,3,0.000324,0.002604
nayib,3,0.000324,0.002604
producto,4,0.000432,0.003347
solicitud,3,0.000324,0.002604
defensor,5,0.000540,0.004064
humanos,3,0.000324,0.002604
whatsapp,3,0.000324,0.002604
facebook,4,0.000432,0.003347
entrada,5,0.000540,0.004064
estreno,3,0.000324,0.002604
plaza,4,0.000432,0.003347
norte,6,0.000648,0.004758
cevallos,3,0.000324,0.002604
presentación,5,0.000540,0.004064
experiencia,6,0.000648,0.004758
militares,3,0.000324,0.002604
lozano,3,0.000324,0.002604
jurado,5,0.000540,0.004064
balón,6,0.000648,0.004758
gas,6,0.000648,0.004758
deuda,3,0.000324,0.002604
sala,6,0.000648,0.004758
agente,4,0.000432,0.003347
miércoles,3,0.000324,0.002604
prisión,3,0.000324,0.002604
tema,3,0.000324,0.002604
alberto,8,0.000864,0.006096
fujimori,4,0.000432,0.003347
conducción,10,0.001080,0.007379
hospital,4,0.000432,0.003347
rostro,3,0.000324,0.002604
solidaridad,4,0.000432,0.003347
exitosa,7,0.000756,0.005435
tejada,3,0.000324,0.002604
diris,3,0.000324,0.002604
anuncio,5,0.000540,0.004064
rango,4,0.000432,0.003347
afluencia,4,0.000432,0.003347
cooperativa,4,0.000432,0.003347
médico,4,0.000432,0.003347
favor,3,0.000324,0.002604
pobreza,3,0.000324,0.002604
hambre,3,0.000324,0.002604
vicepresidenta,5,0.000540,0.004064
iniciativa,3,0.000324,0.002604
amazonía,5,0.000540,0.004064
radio,3,0.000324,0.002604
delgado,5,0.000540,0.004064
sudamericanas,27,0.002917,0.017026
cotejo,5,0.000540,0.004064
juego,5,0.000540,0.004064
vestuario,3,0.000324,0.002604
marcador,5,0.000540,0.004064
partidazo,5,0.000540,0.004064
número,4,0.000432,0.003347
incidente,3,0.000324,0.002604
lideresa,4,0.000432,0.003347
ciudadanía,4,0.000432,0.003347
alejandro,4,0.000432,0.003347
giammattei,4,0.000432,0.003347
mandatario,3,0.000324,0.002604
p,4,0.000432,0.003347
miraflores,3,0.000324,0.002604
restaurante,3,0.000324,0.002604
acoso,4,0.000432,0.003347
fondo,3,0.000324,0.002604
suprema,6,0.000648,0.004758
encargada,6,0.000648,0.004758
ocasión,3,0.000324,0.002604
getty,6,0.000648,0.004758
images,6,0.000648,0.004758
gracia,3,0.000324,0.002604
cierre,7,0.000756,0.005435
estudio,5,0.000540,0.004064
cifra,3,0.000324,0.002604
carretera,3,0.000324,0.002604
inmigración,3,0.000324,0.002604
kabul,4,0.000432,0.003347
colectivo,3,0.000324,0.002604
capacidad,4,0.000432,0.003347
estabilidad,3,0.000324,0.002604
agosto,9,0.000972,0.006743
distribución,4,0.000432,0.003347
podcast,3,0.000324,0.002604
tnt,3,0.000324,0.002604
cumbia,5,0.000540,0.004064
sentencia,3,0.000324,0.002604
ayacucho,3,0.000324,0.002604
vinchos,3,0.000324,0.002604
anderson,3,0.000324,0.002604
cao,3,0.000324,0.002604
perla,4,0.000432,0.003347
pergamino,3,0.000324,0.002604
círculo,3,0.000324,0.002604
cortita,5,0.000540,0.004064
movimiento,4,0.000432,0.003347
democrática,3,0.000324,0.002604
gobernabilidad,3,0.000324,0.002604
patricia,3,0.000324,0.002604
escalada,3,0.000324,0.002604
misógina,3,0.000324,0.002604
lupa,3,0.000324,0.002604
ministra,4,0.000432,0.003347
yolanda,5,0.000540,0.004064
parlamentario,5,0.000540,0.004064
producción,3,0.000324,0.002604
martín,5,0.000540,0.004064
chepén,4,0.000432,0.003347
twitter,3,0.000324,0.002604
candidato,4,0.000432,0.003347
constitucional,5,0.000540,0.004064
canciller,3,0.000324,0.002604
legitimidad,3,0.000324,0.002604
sub,4,0.000432,0.003347
masculino,4,0.000432,0.003347
sudamericano,3,0.000324,0.002604
nicanor,4,0.000432,0.003347
parra,8,0.000864,0.006096
logro,5,0.000540,0.004064
latina→,4,0.000432,0.003347
anticovid,3,0.000324,0.002604
dc,3,0.000324,0.002604
televisión,3,0.000324,0.002604
