Number of pairs,6021.000000
Number of unique pairs,1281
Average pair frequency,4.700234
Pair entropy,6.951919

Pair,Frequency,Proportion,Entropy Term,Mutual Information
lilia paredes,3.000000,0.000498,0.003789,6.162065
paredes reinas,11.000000,0.001827,0.011519,4.297280
paredes show,9.000000,0.001495,0.009725,3.859479
paredes baile,4.000000,0.000664,0.004861,4.840309
paredes descompensación,5.000000,0.000830,0.005891,5.468917
vacunatón mes,3.000000,0.000498,0.003789,4.481858
vacunatón lima,4.000000,0.000664,0.004861,3.510585
vacunatón callao,4.000000,0.000664,0.004861,4.216154
vacunatón año,7.000000,0.001163,0.007856,3.383245
vacunatón persona,6.000000,0.000997,0.006887,3.993011
vacunatón domingo,3.000000,0.000498,0.003789,3.746151
vacunatón septiembre,3.000000,0.000498,0.003789,4.359255
vacuna sinopharm,5.000000,0.000830,0.005891,6.085104
vacuna inmunización,3.000000,0.000498,0.003789,4.801088
vacuna covax,5.000000,0.000830,0.005891,6.267425
vacuna anticovid,3.000000,0.000498,0.003789,6.267425
josé luis,7.000000,0.001163,0.007856,5.692061
josé latorre,6.000000,0.000997,0.006887,6.518740
josé ugaz,6.000000,0.000997,0.006887,6.231057
josé fernández,4.000000,0.000664,0.004861,6.518740
josé procurador,5.000000,0.000830,0.005891,6.518740
perú partido,3.000000,0.000498,0.003789,1.363523
perú estadio,3.000000,0.000498,0.003789,2.712077
perú nacional,3.000000,0.000498,0.003789,2.370328
perú eliminatorias,5.000000,0.000830,0.005891,2.064392
perú comisión,4.000000,0.000664,0.004861,3.160102
perú hora,3.000000,0.000498,0.003789,2.573927
perú condición,3.000000,0.000498,0.003789,3.810689
perú venezuela,40.000000,0.006643,0.033311,4.321515
perú libre,13.000000,0.002159,0.013253,4.909302
perú año,3.000000,0.000498,0.003789,0.926510
perú vs,11.000000,0.001827,0.011519,3.780836
perú local,3.000000,0.000498,0.003789,3.442965
perú lapadula,3.000000,0.000498,0.003789,3.174701
perú casa,4.000000,0.000664,0.004861,3.251074
españa georgia,5.000000,0.000830,0.005891,7.771502
georgia eliminatorias,3.000000,0.000498,0.003789,4.598089
mundial catar,4.000000,0.000664,0.004861,6.082022
mundial qatar,5.000000,0.000830,0.005891,4.846550
partido perú,10.000000,0.001661,0.010630,2.567496
partido día,3.000000,0.000498,0.003789,1.874349
partido rumbo,4.000000,0.000664,0.004861,4.107941
partido brasil,13.000000,0.002159,0.013253,2.647539
partido argentina,8.000000,0.001329,0.008801,2.244722
partido eliminatorias,18.000000,0.002990,0.017377,3.354896
partido qatar,13.000000,0.002159,0.013253,3.722620
partido selección,4.000000,0.000664,0.004861,2.616286
partido hora,5.000000,0.000830,0.005891,3.094322
partido venezuela,5.000000,0.000830,0.005891,2.251643
partido clave,3.000000,0.000498,0.003789,4.071573
partido jornada,4.000000,0.000664,0.004861,3.360726
partido movistar,8.000000,0.001329,0.008801,3.862818
partido deportes,4.000000,0.000664,0.004861,4.107941
partido ecuador,3.000000,0.000498,0.003789,2.759387
partido chile,3.000000,0.000498,0.003789,2.685279
partido fecha,3.000000,0.000498,0.003789,2.105460
partido vs,3.000000,0.000498,0.003789,2.491123
partido quito,4.000000,0.000664,0.004861,3.907270
partido señal,3.000000,0.000498,0.003789,3.127112
clasificatorias catar,4.000000,0.000664,0.004861,6.162065
clasificatorias qatar,3.000000,0.000498,0.003789,4.415767
día partido,3.000000,0.000498,0.003789,1.874349
día internacional,8.000000,0.001329,0.008801,5.014662
día mujer,6.000000,0.000997,0.006887,3.450687
día indígena,5.000000,0.000830,0.005891,4.950124
día año,5.000000,0.000830,0.005891,1.948161
día objetivo,4.000000,0.000664,0.004861,4.726980
día red,3.000000,0.000498,0.003789,3.628368
día importancia,4.000000,0.000664,0.004861,4.726980
día portada,9.000000,0.001495,0.009725,5.314767
día exitosa,3.000000,0.000498,0.003789,4.572829
internacional mujer,3.000000,0.000498,0.003789,4.415767
internacional indígena,3.000000,0.000498,0.003789,6.097526
internacional cusco,3.000000,0.000498,0.003789,5.979743
internacional chinchero,3.000000,0.000498,0.003789,7.078355
internacional objetivo,4.000000,0.000664,0.004861,6.385208
internacional lucha,4.000000,0.000664,0.004861,5.631436
internacional importancia,4.000000,0.000664,0.004861,6.385208
mujer indígena,5.000000,0.000830,0.005891,5.332058
mujer américa,4.000000,0.000664,0.004861,4.549299
mujer lucha,3.000000,0.000498,0.003789,4.067461
mujer acoso,3.000000,0.000498,0.003789,5.514380
mujer latina→,4.000000,0.000664,0.004861,5.802062
rumbo catar,3.000000,0.000498,0.003789,6.162065
rumbo qatar,4.000000,0.000664,0.004861,4.991132
grupo presidente,4.000000,0.000664,0.004861,3.166332
grupo turista,3.000000,0.000498,0.003789,5.363557
grupo año,3.000000,0.000498,0.003789,1.891590
grupo alpha,3.000000,0.000498,0.003789,5.363557
grupo fuerzas,3.000000,0.000498,0.003789,5.586700
estadio nacional,8.000000,0.001329,0.008801,4.709280
estadio eliminatorias,4.000000,0.000664,0.004861,3.199372
estadio fecha,5.000000,0.000830,0.005891,3.964840
estadio paz,4.000000,0.000664,0.004861,5.574278
estadio corinthians,4.000000,0.000664,0.004861,5.456495
estadio rodrigo,4.000000,0.000664,0.004861,5.707809
estadio delgado,4.000000,0.000664,0.004861,6.044282
exportación julio,3.000000,0.000498,0.003789,7.329670
exportación caso,4.000000,0.000664,0.004861,5.340085
exportación vaca,3.000000,0.000498,0.003789,7.106526
exportación carne,3.000000,0.000498,0.003789,7.617352
frente situación,3.000000,0.000498,0.003789,6.184537
mayores año,4.000000,0.000664,0.004861,4.258714
madre dios,5.000000,0.000830,0.005891,6.454201
conmebol partido,3.000000,0.000498,0.003789,3.244895
conmebol suspensión,7.000000,0.001163,0.007856,5.240076
conmebol brasil,6.000000,0.000997,0.006887,3.746151
conmebol local,3.000000,0.000498,0.003789,5.324336
conmebol árbitro,3.000000,0.000498,0.003789,6.790673
suspensión partido,6.000000,0.000997,0.006887,3.214123
suspensión brasil,15.000000,0.002491,0.014935,3.938523
suspensión argentina,14.000000,0.002325,0.014100,3.952222
suspensión eliminatorias,4.000000,0.000664,0.004861,2.998701
suspensión millón,3.000000,0.000498,0.003789,3.404167
suspensión dosis,3.000000,0.000498,0.003789,3.581848
suspensión vs,3.000000,0.000498,0.003789,3.639006
suspensión distribución,3.000000,0.000498,0.003789,5.779072
autoridad brasil,3.000000,0.000498,0.003789,2.567496
autoridad jugador,3.000000,0.000498,0.003789,4.071573
autoridad albiceleste,3.000000,0.000498,0.003789,5.324336
encuentro brasil,4.000000,0.000664,0.004861,3.628368
encuentro eliminatorias,3.000000,0.000498,0.003789,3.722620
brasil partido,11.000000,0.001827,0.011519,2.480484
brasil clasificatorias,3.000000,0.000498,0.003789,3.340686
brasil estadio,3.000000,0.000498,0.003789,2.529755
brasil conmebol,6.000000,0.000997,0.006887,3.746151
brasil suspensión,3.000000,0.000498,0.003789,2.329085
brasil autoridad,3.000000,0.000498,0.003789,2.567496
brasil argentina,67.000000,0.011128,0.050056,4.178082
brasil eliminatorias,12.000000,0.001993,0.012393,2.757539
brasil jugador,11.000000,0.001827,0.011519,3.792671
brasil albiceleste,4.000000,0.000664,0.004861,4.033833
brasil deportación,4.000000,0.000664,0.004861,4.726980
brasil futbolista,4.000000,0.000664,0.004861,3.715379
brasil fecha,6.000000,0.000997,0.006887,2.606717
brasil relación,4.000000,0.000664,0.004861,4.167364
brasil vs,20.000000,0.003322,0.018958,4.196352
brasil local,4.000000,0.000664,0.004861,3.548325
brasil llegada,4.000000,0.000664,0.004861,3.810689
brasil minuto,6.000000,0.000997,0.006887,3.574301
brasil cancha,4.000000,0.000664,0.004861,4.033833
brasil norma,4.000000,0.000664,0.004861,4.033833
argentina catar,3.000000,0.000498,0.003789,3.605699
argentina partido,13.000000,0.002159,0.013253,2.730230
argentina clasificatorias,4.000000,0.000664,0.004861,3.711059
argentina estadio,3.000000,0.000498,0.003789,2.612447
argentina conmebol,5.000000,0.000830,0.005891,3.646521
argentina suspensión,5.000000,0.000830,0.005891,2.922602
argentina autoridad,3.000000,0.000498,0.003789,2.650188
argentina brasil,37.000000,0.006145,0.031292,3.584308
argentina eliminatorias,13.000000,0.002159,0.013253,2.920274
argentina jugador,9.000000,0.001495,0.009725,3.674692
argentina qatar,4.000000,0.000664,0.004861,2.434766
argentina albiceleste,3.000000,0.000498,0.003789,3.828843
argentina variante,3.000000,0.000498,0.003789,3.200234
argentina arena,3.000000,0.000498,0.003789,4.116525
argentina deportación,3.000000,0.000498,0.003789,4.521990
argentina fecha,7.000000,0.001163,0.007856,2.843559
argentina relación,3.000000,0.000498,0.003789,3.962374
argentina fifa,4.000000,0.000664,0.004861,4.250056
argentina corinthians,4.000000,0.000664,0.004861,3.998742
argentina anvisa,3.000000,0.000498,0.003789,3.828843
argentina fotos,3.000000,0.000498,0.003789,3.510389
argentina duelo,3.000000,0.000498,0.003789,3.135695
argentina llegada,4.000000,0.000664,0.004861,3.893381
argentina minuto,6.000000,0.000997,0.006887,3.656992
argentina cancha,3.000000,0.000498,0.003789,3.828843
argentina norma,4.000000,0.000664,0.004861,4.116525
argentina viajero,4.000000,0.000664,0.004861,4.404207
argentina agencia,4.000000,0.000664,0.004861,4.586528
argentina sanitaria,4.000000,0.000664,0.004861,4.586528
argentina mu,3.000000,0.000498,0.003789,3.711059
argentina sudamericanas,4.000000,0.000664,0.004861,2.900129
eliminatorias partido,11.000000,0.001827,0.011519,2.862419
eliminatorias estadio,3.000000,0.000498,0.003789,2.911690
eliminatorias nacional,3.000000,0.000498,0.003789,2.569941
eliminatorias qatar,24.000000,0.003986,0.022023,4.525768
eliminatorias europeas,8.000000,0.001329,0.008801,5.108915
eliminatorias sudamericanas,25.000000,0.004152,0.022771,5.031954
jugador partido,8.000000,0.001329,0.008801,3.666108
jugador premier,5.000000,0.000830,0.005891,5.007282
jugador league,5.000000,0.000830,0.005891,5.643271
premier league,9.000000,0.001495,0.009725,6.730049
premier bellido,4.000000,0.000664,0.004861,5.120611
premier lupa,3.000000,0.000498,0.003789,6.730049
país méxico,4.000000,0.000664,0.004861,3.450687
atención año,3.000000,0.000498,0.003789,3.383245
examen admisión,27.000000,0.004484,0.024247,6.231057
examen san,5.000000,0.000830,0.005891,4.544659
examen marcos,5.000000,0.000830,0.005891,5.355589
examen pandemia,6.000000,0.000997,0.006887,4.621620
examen vacante,3.000000,0.000498,0.003789,5.720232
examen medio,4.000000,0.000664,0.004861,4.726980
admisión san,7.000000,0.001163,0.007856,4.917498
admisión marcos,5.000000,0.000830,0.005891,5.391956
admisión pandemia,6.000000,0.000997,0.006887,4.657987
admisión vacante,3.000000,0.000498,0.003789,5.756599
admisión fotos,3.000000,0.000498,0.003789,4.968142
admisión medio,4.000000,0.000664,0.004861,4.763348
universidad nacional,3.000000,0.000498,0.003789,5.414850
san examen,5.000000,0.000830,0.005891,4.544659
san marcos,12.000000,0.001993,0.012393,6.267425
san caso,4.000000,0.000664,0.004861,3.990158
san juan,6.000000,0.000997,0.006887,5.861960
san lurigancho,6.000000,0.000997,0.006887,6.267425
san estudiante,4.000000,0.000664,0.004861,5.255824
san martín,3.000000,0.000498,0.003789,5.756599
marcos examen,5.000000,0.000830,0.005891,5.355589
marcos admisión,5.000000,0.000830,0.005891,5.391956
marcos estudiante,4.000000,0.000664,0.004861,6.066754
qatar partido,4.000000,0.000664,0.004861,2.543965
qatar minuto,3.000000,0.000498,0.003789,3.956235
galería foto,4.000000,0.000664,0.004861,6.730049
galería efe,3.000000,0.000498,0.003789,8.176968
foto efe,3.000000,0.000498,0.003789,6.730049
región país,3.000000,0.000498,0.003789,3.116485
región vacunación,7.000000,0.001163,0.007856,4.036103
región año,4.000000,0.000664,0.004861,2.083962
región ica,3.000000,0.000498,0.003789,3.833162
región persona,3.000000,0.000498,0.003789,2.560197
región minsa,7.000000,0.001163,0.007856,4.357687
región brecha,5.000000,0.000830,0.005891,5.442600
caso variante,7.000000,0.001163,0.007856,5.137560
caso delta,3.000000,0.000498,0.003789,5.388875
caso esterilización,3.000000,0.000498,0.003789,5.612018
caso emergencia,4.000000,0.000664,0.004861,5.206553
caso martes,3.000000,0.000498,0.003789,4.801088
caso mu,4.000000,0.000664,0.004861,5.088770
caso vaca,4.000000,0.000664,0.004861,5.676557
variante delta,5.000000,0.000830,0.005891,6.855212
variante piura,3.000000,0.000498,0.003789,6.007914
variante vacunación,3.000000,0.000498,0.003789,4.264945
variante mu,9.000000,0.001495,0.009725,6.855212
delta piura,3.000000,0.000498,0.003789,7.106526
distrito zona,6.000000,0.000997,0.006887,6.567530
jean paul,4.000000,0.000664,0.004861,6.960572
presidente josé,5.000000,0.000830,0.005891,4.033833
presidente país,3.000000,0.000498,0.003789,2.806330
presidente pedro,6.000000,0.000997,0.006887,3.928472
presidente castillo,8.000000,0.001329,0.008801,4.051851
presidente essalud,4.000000,0.000664,0.004861,4.657987
presidente ugaz,4.000000,0.000664,0.004861,4.775770
presidente cerrón,5.000000,0.000830,0.005891,4.370305
presidente ciudadano,5.000000,0.000830,0.005891,4.680460
presidente condé,6.000000,0.000997,0.006887,5.314767
presidente alpha,5.000000,0.000830,0.005891,5.468917
carlos gobierno,3.000000,0.000498,0.003789,4.169634
carlos anderson,3.000000,0.000498,0.003789,7.078355
carlos cao,3.000000,0.000498,0.003789,7.078355
comisión Ética,10.000000,0.001661,0.010630,6.427768
comisión lunes,3.000000,0.000498,0.003789,5.041473
comisión congreso,4.000000,0.000664,0.004861,4.723020
selección partido,6.000000,0.000997,0.006887,3.021751
selección encuentro,3.000000,0.000498,0.003789,4.488088
selección brasil,4.000000,0.000664,0.004861,2.424395
selección argentina,6.000000,0.000997,0.006887,2.912552
selección eliminatorias,4.000000,0.000664,0.004861,2.806330
selección peruana,7.000000,0.001163,0.007856,5.335386
selección venezuela,10.000000,0.001661,0.010630,3.900301
américa latina→,4.000000,0.000664,0.004861,6.924205
arena corinthians,4.000000,0.000664,0.004861,6.960572
sao paulo,3.000000,0.000498,0.003789,8.176968
puerta grupo,3.000000,0.000498,0.003789,4.775770
puerta turista,3.000000,0.000498,0.003789,6.855212
turista ola,3.000000,0.000498,0.003789,7.260677
juan caso,4.000000,0.000664,0.004861,5.088770
juan lurigancho,6.000000,0.000997,0.006887,7.366037
juan emergencia,4.000000,0.000664,0.004861,6.672890
lurigancho caso,4.000000,0.000664,0.004861,5.494235
lurigancho emergencia,4.000000,0.000664,0.004861,7.078355
niño partido,3.000000,0.000498,0.003789,2.972961
niño covid,3.000000,0.000498,0.003789,5.825592
programa pueblo,4.000000,0.000664,0.004861,4.923690
museo nacional,3.000000,0.000498,0.003789,5.414850
hora partido,3.000000,0.000498,0.003789,2.583496
hora movistar,4.000000,0.000664,0.004861,4.380075
hora canal,5.000000,0.000830,0.005891,4.848341
maría alva,13.000000,0.002159,0.013253,6.220128
maría carmen,10.000000,0.001661,0.010630,6.091296
vida día,5.000000,0.000830,0.005891,3.697361
vida año,3.000000,0.000498,0.003789,2.248265
vida poeta,4.000000,0.000664,0.004861,5.314767
vida parra,4.000000,0.000664,0.004861,5.537910
méxico foto,3.000000,0.000498,0.003789,4.090991
méxico migrant,3.000000,0.000498,0.003789,4.151616
paso migrant,3.000000,0.000498,0.003789,5.809844
caravana migrant,4.000000,0.000664,0.004861,6.567530
migrant méxico,3.000000,0.000498,0.003789,4.151616
us millón,3.000000,0.000498,0.003789,4.954764
millón vacuna,8.000000,0.001329,0.008801,4.585667
millón peruana,3.000000,0.000498,0.003789,4.415767
millón familia,4.000000,0.000664,0.004861,4.143834
millón sinopharm,4.000000,0.000664,0.004861,5.396597
millón pueblo,3.000000,0.000498,0.003789,3.765180
millón coronavirus,6.000000,0.000997,0.006887,3.930260
millón peruano,6.000000,0.000997,0.006887,4.885771
millón persona,5.000000,0.000830,0.005891,3.094012
millón dosis,4.000000,0.000664,0.004861,3.604837
millón euros,3.000000,0.000498,0.003789,4.821233
millón dólares,4.000000,0.000664,0.004861,5.578918
millón anticovid,3.000000,0.000498,0.003789,5.802062
inglaterra andorra,4.000000,0.000664,0.004861,7.366037
retorno aula,3.000000,0.000498,0.003789,7.771502
retorno clase,3.000000,0.000498,0.003789,6.567530
setiembre lima,6.000000,0.000997,0.006887,3.297011
setiembre callao,6.000000,0.000997,0.006887,4.002580
setiembre señal,3.000000,0.000498,0.003789,4.107941
setiembre exitosa,3.000000,0.000498,0.003789,5.052402
setiembre radio,3.000000,0.000498,0.003789,5.899700
judicial caso,3.000000,0.000498,0.003789,5.612018
judicial audiencia,4.000000,0.000664,0.004861,7.483820
audiencia caso,5.000000,0.000830,0.005891,5.429697
audiencia esterilización,3.000000,0.000498,0.003789,7.196138
audiencia martes,3.000000,0.000498,0.003789,6.385208
condición local,3.000000,0.000498,0.003789,5.899700
condición cerrón,3.000000,0.000498,0.003789,5.756599
clase colegio,3.000000,0.000498,0.003789,6.056704
clase escolar,3.000000,0.000498,0.003789,6.413379
vuelta barrio,3.000000,0.000498,0.003789,8.176968
gobierno méxico,3.000000,0.000498,0.003789,2.916871
gobierno pueblo,4.000000,0.000664,0.004861,3.806729
gobierno afganistán,3.000000,0.000498,0.003789,3.253344
gobierno castillo,3.000000,0.000498,0.003789,3.158034
gobierno vista,3.000000,0.000498,0.003789,5.268247
futbolista albiceleste,3.000000,0.000498,0.003789,6.184537
peruana venezuela,4.000000,0.000664,0.004861,4.187984
peruana pueblo,4.000000,0.000664,0.004861,5.329155
venezuela partido,11.000000,0.001827,0.011519,3.040100
venezuela estadio,4.000000,0.000664,0.004861,3.377053
venezuela nacional,4.000000,0.000664,0.004861,3.035304
venezuela eliminatorias,16.000000,0.002657,0.015759,3.604837
venezuela qatar,7.000000,0.001163,0.007856,3.471306
venezuela hora,4.000000,0.000664,0.004861,3.238903
venezuela méxico,3.000000,0.000498,0.003789,2.647539
venezuela fecha,7.000000,0.001163,0.007856,3.320483
venezuela urgencia,3.000000,0.000498,0.003789,4.998914
venezuela lapadula,3.000000,0.000498,0.003789,3.551995
venezuela casa,4.000000,0.000664,0.004861,3.628368
venezuela apuesta,6.000000,0.000997,0.006887,4.881131
venezuela guerrero,4.000000,0.000664,0.004861,3.839677
venezuela sudamericanas,6.000000,0.000997,0.006887,3.782518
lima región,18.000000,0.002990,0.017377,4.274995
lima callao,39.000000,0.006477,0.032642,5.143495
lima metropolitana,12.000000,0.001993,0.012393,5.255824
lima ica,20.000000,0.003322,0.018958,5.120023
lima persona,5.000000,0.000830,0.005891,2.460763
lima minsa,7.000000,0.001163,0.007856,3.747427
lima sur,3.000000,0.000498,0.003789,3.702476
lima universitario,4.000000,0.000664,0.004861,4.763348
callao región,14.000000,0.002325,0.014100,4.729250
callao lima,10.000000,0.001661,0.010630,3.782518
callao año,4.000000,0.000664,0.004861,2.179273
callao ica,9.000000,0.001495,0.009725,5.027085
callao persona,5.000000,0.000830,0.005891,3.166332
callao minsa,5.000000,0.000830,0.005891,4.116525
planta oxígeno,9.000000,0.001495,0.009725,7.060006
planta sur,5.000000,0.000830,0.005891,6.209855
oxígeno sur,5.000000,0.000830,0.005891,6.305165
juegos paralímpicos,10.000000,0.001661,0.010630,6.855212
juegos tokio,5.000000,0.000830,0.005891,6.518740
paralímpicos tokio,4.000000,0.000664,0.004861,6.701061
familia partido,3.000000,0.000498,0.003789,2.972961
libre comisión,4.000000,0.000664,0.004861,5.249113
libre condición,3.000000,0.000498,0.003789,5.899700
libre Ética,3.000000,0.000498,0.003789,5.794340
libre local,3.000000,0.000498,0.003789,5.531976
libre cerrón,4.000000,0.000664,0.004861,5.676557
presidencia comisión,3.000000,0.000498,0.003789,5.446938
congresista perú,3.000000,0.000498,0.003789,3.523007
guinea presidente,3.000000,0.000498,0.003789,4.621620
guinea gobierno,3.000000,0.000498,0.003789,4.708631
centro vacunación,8.000000,0.001329,0.008801,4.958092
centro dosis,3.000000,0.000498,0.003789,4.082623
proyecto ley,3.000000,0.000498,0.003789,5.979743
ley texas,3.000000,0.000498,0.003789,6.385208
ley aborto,3.000000,0.000498,0.003789,6.567530
arequipa año,6.000000,0.000997,0.006887,3.634560
arequipa dosis,7.000000,0.001163,0.007856,5.286596
arequipa domingo,7.000000,0.001163,0.007856,4.998914
vacunación lima,6.000000,0.000997,0.006887,3.271693
vacunación año,18.000000,0.002990,0.017377,3.683350
vacunación persona,7.000000,0.001163,0.007856,3.502805
vacunación dosis,3.000000,0.000498,0.003789,3.389476
vacunación horario,6.000000,0.000997,0.006887,5.181235
vacunación frontera,3.000000,0.000498,0.003789,4.893553
año vacunatón,4.000000,0.000664,0.004861,2.823630
año vacuna,4.000000,0.000664,0.004861,2.572315
año día,6.000000,0.000997,0.006887,2.130482
año mes,4.000000,0.000664,0.004861,2.732658
año distrito,5.000000,0.000830,0.005891,3.606389
año vida,6.000000,0.000997,0.006887,2.941413
año lima,25.000000,0.004152,0.022771,3.306284
año callao,16.000000,0.002657,0.015759,3.565567
año centro,4.000000,0.000664,0.004861,2.872420
año vacunación,3.000000,0.000498,0.003789,1.891590
año metropolitana,5.000000,0.000830,0.005891,3.693400
año ica,8.000000,0.001329,0.008801,3.516777
año coronavirus,3.000000,0.000498,0.003789,1.916908
año persona,5.000000,0.000830,0.005891,1.773807
año dosis,19.000000,0.003156,0.018172,3.842778
año adolescente,4.000000,0.000664,0.004861,3.922242
año comorbilidad,5.000000,0.000830,0.005891,4.705001
año inmunización,4.000000,0.000664,0.004861,3.303203
año domingo,7.000000,0.001163,0.007856,2.556567
año ataque,3.000000,0.000498,0.003789,2.941413
año cáncer,4.000000,0.000664,0.004861,3.160102
año septiembre,3.000000,0.000498,0.003789,2.322373
año semana,6.000000,0.000997,0.006887,2.839630
año poeta,4.000000,0.000664,0.004861,3.565567
año parque,3.000000,0.000498,0.003789,3.788710
año horario,7.000000,0.001163,0.007856,3.942861
año vacunatorio,7.000000,0.001163,0.007856,4.125183
año señal,3.000000,0.000498,0.003789,2.690098
año parra,4.000000,0.000664,0.004861,3.788710
metropolitana lima,6.000000,0.000997,0.006887,4.562677
metropolitana callao,11.000000,0.001827,0.011519,5.874383
metropolitana ica,6.000000,0.000997,0.006887,5.912604
ica región,9.000000,0.001495,0.009725,4.931774
ica lima,9.000000,0.001495,0.009725,4.321515
ica callao,8.000000,0.001329,0.008801,4.909302
ica centro,3.000000,0.000498,0.003789,4.621620
acción comisión,4.000000,0.000664,0.004861,5.416167
acción popular,9.000000,0.001495,0.009725,6.797642
popular comisión,4.000000,0.000664,0.004861,5.249113
popular Ética,4.000000,0.000664,0.004861,6.082022
ceremonia juegos,3.000000,0.000498,0.003789,6.162065
ceremonia paralímpicos,3.000000,0.000498,0.003789,6.567530
ceremonia clausura,6.000000,0.000997,0.006887,7.771502
clausura juegos,3.000000,0.000498,0.003789,6.162065
clausura paralímpicos,3.000000,0.000498,0.003789,6.567530
ejecución internacional,3.000000,0.000498,0.003789,6.567530
ejecución aeropuerto,3.000000,0.000498,0.003789,7.260677
aeropuerto internacional,3.000000,0.000498,0.003789,6.385208
aeropuerto cusco,3.000000,0.000498,0.003789,6.672890
aeropuerto chinchero,3.000000,0.000498,0.003789,7.771502
chinchero cusco,3.000000,0.000498,0.003789,7.366037
ministro comisión,3.000000,0.000498,0.003789,4.435338
ministro inicio,3.000000,0.000498,0.003789,5.961394
ministro congreso,3.000000,0.000498,0.003789,4.479789
ministro maraví,4.000000,0.000664,0.004861,5.293565
inicio gobierno,3.000000,0.000498,0.003789,5.045103
inicio pueblo,3.000000,0.000498,0.003789,5.916942
pueblo mujer,8.000000,0.001329,0.008801,4.746009
pueblo reto,4.000000,0.000664,0.004861,5.868152
pueblo logro,4.000000,0.000664,0.004861,6.204624
ciro gobierno,3.000000,0.000498,0.003789,5.045103
ciro gálvez,5.000000,0.000830,0.005891,7.953824
gálvez gobierno,3.000000,0.000498,0.003789,5.045103
jornada grupo,3.000000,0.000498,0.003789,4.028556
jornada eliminatorias,6.000000,0.000997,0.006887,3.956235
jornada examen,4.000000,0.000664,0.004861,4.672913
jornada admisión,4.000000,0.000664,0.004861,4.709280
jornada qatar,4.000000,0.000664,0.004861,4.243917
director interior,4.000000,0.000664,0.004861,5.874383
director lima,3.000000,0.000498,0.003789,3.271693
director sur,3.000000,0.000498,0.003789,5.101193
director dini,4.000000,0.000664,0.004861,5.181235
director ministerio,4.000000,0.000664,0.004861,4.862782
director salud,3.000000,0.000498,0.003789,4.333937
director diris,3.000000,0.000498,0.003789,6.567530
signo domingo,3.000000,0.000498,0.003789,4.305767
signo septiembre,3.000000,0.000498,0.003789,4.918871
uruguay qatar,3.000000,0.000498,0.003789,4.415767
uruguay bolivia,6.000000,0.000997,0.006887,6.672890
bolivia uruguay,3.000000,0.000498,0.003789,5.979743
bolivia fecha,3.000000,0.000498,0.003789,4.552627
movistar deportes,8.000000,0.001329,0.008801,6.309985
movistar canal,6.000000,0.000997,0.006887,5.329155
movistar play,4.000000,0.000664,0.004861,6.715450
deportes canal,4.000000,0.000664,0.004861,5.861960
canal partido,5.000000,0.000830,0.005891,3.637937
canal movistar,4.000000,0.000664,0.004861,4.923690
paraguay movistar,3.000000,0.000498,0.003789,5.128485
paraguay colombia,9.000000,0.001495,0.009725,6.366859
paraguay fecha,3.000000,0.000498,0.003789,4.351956
colombia movistar,3.000000,0.000498,0.003789,4.530648
colombia fecha,3.000000,0.000498,0.003789,3.754119
ecuador partido,7.000000,0.001163,0.007856,3.606685
ecuador estadio,3.000000,0.000498,0.003789,4.107941
ecuador eliminatorias,6.000000,0.000997,0.006887,3.642578
ecuador hora,3.000000,0.000498,0.003789,3.969791
ecuador chile,14.000000,0.002325,0.014100,5.612018
ecuador quito,5.000000,0.000830,0.005891,5.516708
chile partido,5.000000,0.000830,0.005891,3.196104
chile estadio,3.000000,0.000498,0.003789,4.033833
chile eliminatorias,4.000000,0.000664,0.004861,3.163005
chile hora,3.000000,0.000498,0.003789,3.895683
chile ecuador,9.000000,0.001495,0.009725,5.170185
chile cáncer,4.000000,0.000664,0.004861,4.909302
chile rodrigo,4.000000,0.000664,0.004861,5.671442
chile quito,3.000000,0.000498,0.003789,4.931774
lunes setiembre,7.000000,0.001163,0.007856,5.360704
lunes lima,6.000000,0.000997,0.006887,4.475666
lunes viernes,6.000000,0.000997,0.006887,6.924205
coronavirus vacuna,4.000000,0.000664,0.004861,3.990158
coronavirus argentina,3.000000,0.000498,0.003789,2.244722
coronavirus año,3.000000,0.000498,0.003789,1.916908
coronavirus persona,4.000000,0.000664,0.004861,2.968507
peruano coronavirus,5.000000,0.000830,0.005891,4.801088
peruano fraude,3.000000,0.000498,0.003789,6.567530
alianza lima,8.000000,0.001329,0.008801,4.475666
alianza universitario,4.000000,0.000664,0.004861,6.385208
alianza democrática,3.000000,0.000498,0.003789,6.790673
alianza gobernabilidad,3.000000,0.000498,0.003789,6.790673
pandemia foto,3.000000,0.000498,0.003789,4.427464
pandemia mundo,3.000000,0.000498,0.003789,4.621620
pandemia fotos,3.000000,0.000498,0.003789,4.862782
fecha partido,9.000000,0.001495,0.009725,3.204073
fecha clasificatorias,6.000000,0.000997,0.006887,4.958092
fecha eliminatorias,33.000000,0.005481,0.028536,4.693399
fecha qatar,6.000000,0.000997,0.006887,3.681798
fecha movistar,4.000000,0.000664,0.004861,3.902039
fecha sudamericanas,23.000000,0.003820,0.021268,5.490896
persona día,3.000000,0.000498,0.003789,2.201251
persona lima,10.000000,0.001661,0.010630,3.153910
persona año,40.000000,0.006643,0.033311,3.853249
persona ica,7.000000,0.001163,0.007856,4.147162
persona dosis,10.000000,0.001661,0.010630,3.964840
persona adolescente,3.000000,0.000498,0.003789,4.398476
persona semana,3.000000,0.000498,0.003789,2.910399
persona horario,6.000000,0.000997,0.006887,4.552627
persona vacunatorio,4.000000,0.000664,0.004861,4.329483
persona tiroteo,4.000000,0.000664,0.004861,4.552627
persona capital,3.000000,0.000498,0.003789,4.398476
persona washington,3.000000,0.000498,0.003789,4.734948
alejandra baigorria,9.000000,0.001495,0.009725,7.260677
alejandra paloma,4.000000,0.000664,0.004861,7.037533
alejandra fiuza,3.000000,0.000498,0.003789,6.972995
dosis vacuna,7.000000,0.001163,0.007856,4.629816
dosis distrito,6.000000,0.000997,0.006887,5.286596
dosis año,3.000000,0.000498,0.003789,1.996951
dosis persona,3.000000,0.000498,0.003789,2.760867
dosis zona,6.000000,0.000997,0.006887,5.468917
dosis anticovid,3.000000,0.000498,0.003789,5.979743
reto mujer,4.000000,0.000664,0.004861,5.242446
reto américa,4.000000,0.000664,0.004861,6.364589
reto logro,4.000000,0.000664,0.004861,7.394208
joven año,5.000000,0.000830,0.005891,3.383245
adolescente año,3.000000,0.000498,0.003789,3.634560
adolescente comorbilidad,4.000000,0.000664,0.004861,7.617352
cambio setiembre,3.000000,0.000498,0.003789,4.359255
cambio domingo,3.000000,0.000498,0.003789,4.151616
valle colca,3.000000,0.000498,0.003789,7.666142
congreso república,4.000000,0.000664,0.004861,5.555929
congreso comisión,3.000000,0.000498,0.003789,4.435338
congreso vacancia,3.000000,0.000498,0.003789,5.005882
sistema migraciones,3.000000,0.000498,0.003789,7.329670
objetivo pueblo,5.000000,0.000830,0.005891,5.957764
objetivo lucha,5.000000,0.000830,0.005891,6.260045
objetivo importancia,5.000000,0.000830,0.005891,7.013817
mensaje cueva,3.000000,0.000498,0.003789,5.979743
vania bludau,22.000000,0.003654,0.020505,6.472220
vania reinas,9.000000,0.001495,0.009725,4.406764
vania show,8.000000,0.001329,0.008801,4.051851
vania isabel,8.000000,0.001329,0.008801,5.607222
vania acevedo,3.000000,0.000498,0.003789,4.680460
bludau reinas,12.000000,0.001993,0.012393,4.694446
bludau show,9.000000,0.001495,0.009725,4.169634
bludau isabel,8.000000,0.001329,0.008801,5.607222
bludau acevedo,8.000000,0.001329,0.008801,5.661289
bludau reina,3.000000,0.000498,0.003789,4.435338
reinas paredes,3.000000,0.000498,0.003789,2.997997
reinas programa,3.000000,0.000498,0.003789,3.508823
reinas show,71.000000,0.011792,0.052361,5.063452
reinas melissa,3.000000,0.000498,0.003789,3.221141
reinas participante,3.000000,0.000498,0.003789,3.565981
reinas lady,3.000000,0.000498,0.003789,4.096609
show paredes,4.000000,0.000664,0.004861,3.048549
show programa,3.000000,0.000498,0.003789,3.271693
show reality,4.000000,0.000664,0.004861,3.964840
show melissa,8.000000,0.001329,0.008801,3.964840
show baile,4.000000,0.000664,0.004861,3.741696
show participante,9.000000,0.001495,0.009725,4.427464
show guillén,3.000000,0.000498,0.003789,3.964840
show gabriela,4.000000,0.000664,0.004861,3.810689
show gisela,7.000000,0.001163,0.007856,4.444413
show herrera,4.000000,0.000664,0.004861,4.147162
show descompensación,6.000000,0.000997,0.006887,4.552627
show lady,5.000000,0.000830,0.005891,4.370305
show temporada,3.000000,0.000498,0.003789,4.216154
directora inmunización,5.000000,0.000830,0.005891,6.815991
directora minsa,3.000000,0.000498,0.003789,5.502819
directora mañana,3.000000,0.000498,0.003789,7.260677
inmunización minsa,5.000000,0.000830,0.005891,5.240455
inmunización mañana,3.000000,0.000498,0.003789,6.487487
minsa región,4.000000,0.000664,0.004861,3.798071
minsa hora,3.000000,0.000498,0.003789,3.860591
minsa vacunación,5.000000,0.000830,0.005891,4.116525
minsa año,9.000000,0.001495,0.009725,3.311786
minsa persona,4.000000,0.000664,0.004861,3.264772
minsa dosis,5.000000,0.000830,0.005891,4.221885
minsa mañana,4.000000,0.000664,0.004861,5.972823
equipo clasificatorias,3.000000,0.000498,0.003789,5.181235
gian piero,4.000000,0.000664,0.004861,8.176968
gian díaz,3.000000,0.000498,0.003789,7.889286
piero díaz,3.000000,0.000498,0.003789,7.889286
chico eeg,3.000000,0.000498,0.003789,6.279848
eeg méxico,6.000000,0.000997,0.006887,5.314767
eeg guerreros,4.000000,0.000664,0.004861,6.162065
debut reinas,3.000000,0.000498,0.003789,4.789756
debut show,3.000000,0.000498,0.003789,4.552627
estrella torres,4.000000,0.000664,0.004861,7.037533
estrella tommy,4.000000,0.000664,0.004861,7.953824
estrella portugal,4.000000,0.000664,0.004861,7.953824
torres tommy,4.000000,0.000664,0.004861,7.260677
torres portugal,4.000000,0.000664,0.004861,7.260677
tommy portugal,4.000000,0.000664,0.004861,8.176968
red boca,3.000000,0.000498,0.003789,5.979743
red chorri,3.000000,0.000498,0.003789,5.063452
melissa paredes,24.000000,0.003986,0.022023,6.162065
melissa reinas,9.000000,0.001495,0.009725,4.319753
melissa show,4.000000,0.000664,0.004861,3.271693
melissa baile,4.000000,0.000664,0.004861,5.063452
melissa descompensación,5.000000,0.000830,0.005891,5.692061
baile reinas,4.000000,0.000664,0.004861,3.978826
baile show,3.000000,0.000498,0.003789,3.454014
robo ladrón,3.000000,0.000498,0.003789,7.442998
domingo distrito,6.000000,0.000997,0.006887,4.998914
domingo setiembre,12.000000,0.001993,0.012393,4.513406
domingo año,5.000000,0.000830,0.005891,2.220095
domingo persona,4.000000,0.000664,0.004861,2.760867
domingo dosis,7.000000,0.001163,0.007856,4.054452
domingo septiembre,12.000000,0.001993,0.012393,4.918871
domingo pérez,3.000000,0.000498,0.003789,4.998914
domingo carmen,3.000000,0.000498,0.003789,4.151616
domingo zona,6.000000,0.000997,0.006887,5.181235
domingo predicción,3.000000,0.000498,0.003789,4.998914
domingo exitosa,3.000000,0.000498,0.003789,4.844763
domingo radio,3.000000,0.000498,0.003789,5.692061
jefe unidos,4.000000,0.000664,0.004861,4.960595
jefe dirección,3.000000,0.000498,0.003789,5.771525
jefe inteligencia,5.000000,0.000830,0.005891,6.618823
jefe dini,8.000000,0.001329,0.008801,5.925676
jefe experiencia,3.000000,0.000498,0.003789,5.925676
delincuente york,3.000000,0.000498,0.003789,5.314767
delincuente camioneta,7.000000,0.001163,0.007856,5.925676
talibán gobierno,4.000000,0.000664,0.004861,3.997784
talibán afganistán,7.000000,0.001163,0.007856,5.163536
papa francisco,3.000000,0.000498,0.003789,7.483820
papa refugiado,3.000000,0.000498,0.003789,7.889286
francisco refugiado,3.000000,0.000498,0.003789,7.483820
unidos guerra,3.000000,0.000498,0.003789,4.726980
unidos afganistán,4.000000,0.000664,0.004861,4.503837
lucha pueblo,5.000000,0.000830,0.005891,5.203992
lucha reto,4.000000,0.000664,0.004861,6.170433
lucha logro,4.000000,0.000664,0.004861,6.506905
york delincuente,4.000000,0.000664,0.004861,5.602449
york víctima,3.000000,0.000498,0.003789,5.468917
guerra afganistán,6.000000,0.000997,0.006887,5.063452
voz senior,6.000000,0.000997,0.006887,7.165367
voz gana,3.000000,0.000498,0.003789,6.654541
muerte coronavirus,3.000000,0.000498,0.003789,4.600417
alter ego,3.000000,0.000498,0.003789,8.464650
amor signo,3.000000,0.000498,0.003789,5.612018
lara día,3.000000,0.000498,0.003789,5.420127
lara red,3.000000,0.000498,0.003789,6.672890
caída sistema,3.000000,0.000498,0.003789,6.770054
caída migraciones,3.000000,0.000498,0.003789,7.329670
paz eliminatorias,3.000000,0.000498,0.003789,4.128085
paz fecha,3.000000,0.000498,0.003789,4.670410
paz delgado,4.000000,0.000664,0.004861,7.260677
afganistán gobierno,4.000000,0.000664,0.004861,3.541026
ciudad conducción,10.000000,0.001661,0.010630,6.385208
qaeda talibán,3.000000,0.000498,0.003789,6.331141
mexicano méxico,4.000000,0.000664,0.004861,6.113274
premio pulitzer,4.000000,0.000664,0.004861,7.165367
premio lotería,3.000000,0.000498,0.003789,6.472220
premio dueño,3.000000,0.000498,0.003789,6.877685
atentado muerto,3.000000,0.000498,0.003789,6.385208
atentado quetta,3.000000,0.000498,0.003789,7.366037
septiembre año,3.000000,0.000498,0.003789,2.322373
septiembre persona,3.000000,0.000498,0.003789,3.086290
septiembre carmen,4.000000,0.000664,0.004861,5.052402
septiembre predicción,5.000000,0.000830,0.005891,6.122844
septiembre briceño,3.000000,0.000498,0.003789,6.017483
semana mes,3.000000,0.000498,0.003789,4.092393
semana gobierno,4.000000,0.000664,0.004861,3.508236
semana año,3.000000,0.000498,0.003789,2.146483
semana vista,4.000000,0.000664,0.004861,6.129275
infección coronavirus,7.000000,0.001163,0.007856,6.053851
poeta día,4.000000,0.000664,0.004861,4.503837
poeta año,8.000000,0.001329,0.008801,4.258714
poeta nicanor,4.000000,0.000664,0.004861,7.260677
poeta parra,4.000000,0.000664,0.004861,6.567530
participante reality,5.000000,0.000830,0.005891,5.854580
paciente semana,3.000000,0.000498,0.003789,5.148446
tabla eliminatorias,3.000000,0.000498,0.003789,4.598089
tabla posición,4.000000,0.000664,0.004861,7.260677
posición eliminatorias,3.000000,0.000498,0.003789,4.128085
pedro castillo,21.000000,0.003488,0.019736,5.779072
pedro rafael,3.000000,0.000498,0.003789,5.383760
pedro lópez,3.000000,0.000498,0.003789,4.764720
castillo rafael,4.000000,0.000664,0.004861,5.507139
castillo lópez,3.000000,0.000498,0.003789,4.600417
castillo aliaga,3.000000,0.000498,0.003789,5.373607
relación viajero,4.000000,0.000664,0.004861,7.211887
relación reino,4.000000,0.000664,0.004861,7.394208
relación unido,4.000000,0.000664,0.004861,7.394208
agua sjl,3.000000,0.000498,0.003789,5.961394
agua aniego,4.000000,0.000664,0.004861,6.567530
escolar riesgo,3.000000,0.000498,0.003789,5.825592
escolar semipresencialidad,3.000000,0.000498,0.003789,7.106526
escolar transporte,3.000000,0.000498,0.003789,7.106526
riesgo vida,3.000000,0.000498,0.003789,4.439298
riesgo transporte,3.000000,0.000498,0.003789,6.162065
venta arma,3.000000,0.000498,0.003789,6.972995
venta kandahar,3.000000,0.000498,0.003789,7.953824
justicia peruano,3.000000,0.000498,0.003789,5.756599
justicia fraude,3.000000,0.000498,0.003789,7.078355
luis jefe,3.000000,0.000498,0.003789,4.944847
luis latorre,5.000000,0.000830,0.005891,6.608352
luis fernández,3.000000,0.000498,0.003789,6.502991
latorre jefe,4.000000,0.000664,0.004861,6.213358
latorre dini,4.000000,0.000664,0.004861,6.385208
inteligencia presidente,3.000000,0.000498,0.003789,4.958092
inteligencia pergamino,3.000000,0.000498,0.003789,7.953824
inteligencia círculo,3.000000,0.000498,0.003789,7.953824
dini inteligencia,3.000000,0.000498,0.003789,6.279848
dini experiencia,3.000000,0.000498,0.003789,6.097526
dini sentencia,3.000000,0.000498,0.003789,6.790673
dini pergamino,3.000000,0.000498,0.003789,6.790673
escándalo brasil,3.000000,0.000498,0.003789,3.523007
escándalo argentina,4.000000,0.000664,0.004861,3.893381
parque exposición,3.000000,0.000498,0.003789,7.260677
papelón argentina,3.000000,0.000498,0.003789,4.521990
fifa suspensión,3.000000,0.000498,0.003789,5.219457
dybala messi,4.000000,0.000664,0.004861,6.305165
lionel suspensión,3.000000,0.000498,0.003789,4.169634
lionel argentina,5.000000,0.000830,0.005891,3.423377
lionel messi,16.000000,0.002657,0.015759,6.082022
lionel scaloni,4.000000,0.000664,0.004861,6.007914
messi brasil,4.000000,0.000664,0.004861,2.855178
messi argentina,5.000000,0.000830,0.005891,3.161013
messi cabeza,3.000000,0.000498,0.003789,5.794340
messi cancha,3.000000,0.000498,0.003789,5.324336
tapia red,3.000000,0.000498,0.003789,5.132445
tapia chorri,6.000000,0.000997,0.006887,6.007914
tapia gallese,5.000000,0.000830,0.005891,6.741883
tapia ramos,3.000000,0.000498,0.003789,6.413379
vs partido,3.000000,0.000498,0.003789,2.491123
vs argentina,20.000000,0.003322,0.018958,4.279044
vs eliminatorias,3.000000,0.000498,0.003789,2.681166
vs jugador,3.000000,0.000498,0.003789,3.803309
vs venezuela,11.000000,0.001827,0.011519,4.158131
vs llegada,3.000000,0.000498,0.003789,4.832929
vs agencia,3.000000,0.000498,0.003789,5.526076
vs casa,4.000000,0.000664,0.004861,4.378673
vs apuesta,4.000000,0.000664,0.004861,5.225971
corinthians fecha,4.000000,0.000664,0.004861,4.840309
scaloni suspensión,3.000000,0.000498,0.003789,5.219457
mem argentina,3.000000,0.000498,0.003789,4.809672
interrupción embarazo,3.000000,0.000498,0.003789,7.666142
liga profesional,3.000000,0.000498,0.003789,7.196138
liga femenina,3.000000,0.000498,0.003789,6.972995
local cerrón,3.000000,0.000498,0.003789,5.388875
duelo brasil,6.000000,0.000997,0.006887,3.746151
duelo argentina,3.000000,0.000498,0.003789,3.135695
duelo eliminatorias,5.000000,0.000830,0.005891,3.945764
duelo fecha,3.000000,0.000498,0.003789,3.977263
lapadula perú,4.000000,0.000664,0.004861,3.462383
lapadula venezuela,4.000000,0.000664,0.004861,3.839677
lapadula cholito,3.000000,0.000498,0.003789,6.442367
lapadula cueva,5.000000,0.000830,0.005891,6.142262
lapadula christian,3.000000,0.000498,0.003789,5.526076
lapadula guerrero,5.000000,0.000830,0.005891,5.506273
cueva perú,5.000000,0.000830,0.005891,4.321515
cueva venezuela,4.000000,0.000664,0.004861,4.475666
cueva cholito,3.000000,0.000498,0.003789,7.078355
hincha eliminatorias,3.000000,0.000498,0.003789,4.261617
hincha fecha,3.000000,0.000498,0.003789,4.803941
hincha gareca,3.000000,0.000498,0.003789,6.770054
hincha ricardo,3.000000,0.000498,0.003789,6.636523
ricardo gareca,5.000000,0.000830,0.005891,7.147348
luz burofax,3.000000,0.000498,0.003789,7.771502
fc barcelona,3.000000,0.000498,0.003789,7.366037
cosa sabía,3.000000,0.000498,0.003789,7.483820
punto san,4.000000,0.000664,0.004861,4.657987
punto juan,4.000000,0.000664,0.004861,5.756599
punto abastecimiento,5.000000,0.000830,0.005891,6.567530
bale triunfo,3.000000,0.000498,0.003789,6.567530
bale gales,4.000000,0.000664,0.004861,7.548359
gales eliminatorias,3.000000,0.000498,0.003789,4.598089
gales bielorrusia,3.000000,0.000498,0.003789,7.953824
gareth bale,5.000000,0.000830,0.005891,7.589181
rodrigo fecha,3.000000,0.000498,0.003789,4.803941
rodrigo paz,4.000000,0.000664,0.004861,6.924205
rodrigo delgado,4.000000,0.000664,0.004861,7.394208
guillén reinas,3.000000,0.000498,0.003789,4.201970
guillén show,3.000000,0.000498,0.003789,3.964840
cristiano ronaldo,3.000000,0.000498,0.003789,8.464650
neymar psg,3.000000,0.000498,0.003789,7.483820
horario dosis,5.000000,0.000830,0.005891,5.104274
horario semana,3.000000,0.000498,0.003789,4.742980
minuto partido,3.000000,0.000498,0.003789,3.073044
minuto brasil,4.000000,0.000664,0.004861,3.168835
minuto argentina,3.000000,0.000498,0.003789,2.963845
minuto eliminatorias,5.000000,0.000830,0.005891,3.773914
quito ecuador,7.000000,0.001163,0.007856,5.853180
quito chile,7.000000,0.001163,0.007856,5.779072
defensores chaco,4.000000,0.000664,0.004861,7.953824
river plate,3.000000,0.000498,0.003789,8.464650
river independiente,3.000000,0.000498,0.003789,8.464650
plate independiente,3.000000,0.000498,0.003789,8.464650
chorri tapia,4.000000,0.000664,0.004861,5.602449
chorri boca,3.000000,0.000498,0.003789,6.162065
chorri palacios,4.000000,0.000664,0.004861,6.295596
chorri ramos,3.000000,0.000498,0.003789,6.344386
medio brasil,3.000000,0.000498,0.003789,2.935221
medio argentina,3.000000,0.000498,0.003789,3.017912
medio pandemia,6.000000,0.000997,0.006887,5.063452
essalud planta,4.000000,0.000664,0.004861,6.354436
essalud oxígeno,4.000000,0.000664,0.004861,6.449747
instituto nacional,3.000000,0.000498,0.003789,5.078378
sedapal san,4.000000,0.000664,0.004861,5.351134
sedapal agua,5.000000,0.000830,0.005891,6.567530
sedapal punto,4.000000,0.000664,0.004861,5.651239
sedapal abastecimiento,4.000000,0.000664,0.004861,7.037533
abastecimiento san,4.000000,0.000664,0.004861,6.044282
abastecimiento juan,4.000000,0.000664,0.004861,7.142894
abastecimiento lurigancho,4.000000,0.000664,0.004861,7.548359
ugaz procurador,5.000000,0.000830,0.005891,7.483820
norma relación,4.000000,0.000664,0.004861,6.924205
norma viajero,5.000000,0.000830,0.005891,7.301499
norma reino,4.000000,0.000664,0.004861,7.260677
viajero reino,5.000000,0.000830,0.005891,7.771502
viajero unido,5.000000,0.000830,0.005891,7.771502
reino unido,5.000000,0.000830,0.005891,7.953824
agencia sanitaria,5.000000,0.000830,0.005891,7.953824
vladimir cerrón,6.000000,0.000997,0.006887,6.855212
cerrón josé,5.000000,0.000830,0.005891,5.420127
cerrón ugaz,5.000000,0.000830,0.005891,6.385208
cerrón procurador,4.000000,0.000664,0.004861,6.632068
alva democracia,3.000000,0.000498,0.003789,5.692061
alva vacancia,6.000000,0.000997,0.006887,6.017483
alva calle,4.000000,0.000664,0.004861,5.874383
renato red,3.000000,0.000498,0.003789,5.692061
renato tapia,8.000000,0.001329,0.008801,6.924205
viernes setiembre,6.000000,0.000997,0.006887,5.745550
viernes lima,6.000000,0.000997,0.006887,5.014662
viernes callao,6.000000,0.000997,0.006887,5.720232
covax venezuela,3.000000,0.000498,0.003789,4.775770
semipresencialidad riesgo,3.000000,0.000498,0.003789,6.162065
semipresencialidad transporte,3.000000,0.000498,0.003789,7.442998
olivos camioneta,6.000000,0.000997,0.006887,6.213358
pnp examen,3.000000,0.000498,0.003789,5.720232
casa partido,4.000000,0.000664,0.004861,3.260643
casa rumbo,4.000000,0.000664,0.004861,5.707809
casa papel,4.000000,0.000664,0.004861,5.602449
casa apuesta,7.000000,0.001163,0.007856,6.267425
apuesta partido,4.000000,0.000664,0.004861,4.107941
apuesta rumbo,4.000000,0.000664,0.004861,6.555107
apuesta qatar,4.000000,0.000664,0.004861,4.991132
víctima delincuente,6.000000,0.000997,0.006887,6.231057
víctima camioneta,6.000000,0.000997,0.006887,5.925676
víctima milagro,3.000000,0.000498,0.003789,6.385208
camioneta york,4.000000,0.000664,0.004861,5.297067
rosangella frente,3.000000,0.000498,0.003789,7.165367
rosangella bellido,3.000000,0.000498,0.003789,6.567530
rosangella manotazo,3.000000,0.000498,0.003789,8.464650
bellido frente,3.000000,0.000498,0.003789,5.268247
bellido situación,3.000000,0.000498,0.003789,5.586700
bellido manotazo,3.000000,0.000498,0.003789,6.567530
bellido lupa,3.000000,0.000498,0.003789,6.567530
manotazo frente,3.000000,0.000498,0.003789,7.165367
manotazo situación,3.000000,0.000498,0.003789,7.483820
gianluca lapadula,6.000000,0.000997,0.006887,6.575898
gianluca cueva,3.000000,0.000498,0.003789,6.518740
gianluca christian,3.000000,0.000498,0.003789,6.413379
christian perú,3.000000,0.000498,0.003789,3.705329
christian cholito,3.000000,0.000498,0.003789,6.972995
christian cueva,6.000000,0.000997,0.006887,6.855212
carmen signo,3.000000,0.000498,0.003789,5.537910
carmen alva,10.000000,0.001661,0.010630,6.454201
carmen vacancia,4.000000,0.000664,0.004861,5.745550
carmen briceño,3.000000,0.000498,0.003789,6.636523
presidenta congreso,4.000000,0.000664,0.004861,6.472220
calle vacancia,4.000000,0.000664,0.004861,6.082022
aprobación joe,3.000000,0.000498,0.003789,7.106526
aprobación biden,3.000000,0.000498,0.003789,6.972995
aprobación manejo,3.000000,0.000498,0.003789,7.666142
joe biden,5.000000,0.000830,0.005891,7.147348
joe manejo,4.000000,0.000664,0.004861,7.617352
joe retiro,3.000000,0.000498,0.003789,7.329670
biden manejo,4.000000,0.000664,0.004861,7.483820
biden retiro,3.000000,0.000498,0.003789,7.196138
biden tropa,3.000000,0.000498,0.003789,7.196138
manejo afganistán,3.000000,0.000498,0.003789,5.874383
manejo retiro,3.000000,0.000498,0.003789,7.889286
manejo tropa,3.000000,0.000498,0.003789,7.889286
retiro afganistán,3.000000,0.000498,0.003789,5.874383
retiro tropa,3.000000,0.000498,0.003789,7.889286
tropa afganistán,4.000000,0.000664,0.004861,6.162065
guatemala presidente,3.000000,0.000498,0.003789,4.621620
guatemala ciudadano,5.000000,0.000830,0.005891,6.828894
guatemala giammattei,3.000000,0.000498,0.003789,7.329670
estudiante examen,6.000000,0.000997,0.006887,5.624922
estudiante admisión,6.000000,0.000997,0.006887,5.661289
estudiante medio,4.000000,0.000664,0.004861,5.661289
martes comisión,3.000000,0.000498,0.003789,5.329155
martes setiembre,4.000000,0.000664,0.004861,5.088770
arabia saudita,4.000000,0.000664,0.004861,8.176968
arabia misil,4.000000,0.000664,0.004861,7.953824
saudita misil,4.000000,0.000664,0.004861,7.953824
saudita drón,4.000000,0.000664,0.004861,8.176968
misil drón,4.000000,0.000664,0.004861,7.953824
misil yemen,4.000000,0.000664,0.004861,7.953824
drón yemen,4.000000,0.000664,0.004861,8.176968
corte salvador,4.000000,0.000664,0.004861,6.449747
corte suprema,5.000000,0.000830,0.005891,7.183716
servicio agua,3.000000,0.000498,0.003789,6.413379
sjl aniego,5.000000,0.000830,0.005891,6.695363
sjl sábado,3.000000,0.000498,0.003789,6.066754
aniego sábado,3.000000,0.000498,0.003789,6.385208
postulante examen,5.000000,0.000830,0.005891,6.231057
postulante admisión,4.000000,0.000664,0.004861,6.044282
tacna planta,5.000000,0.000830,0.005891,6.209855
tacna essalud,4.000000,0.000664,0.004861,6.187382
unmsm examen,5.000000,0.000830,0.005891,5.537910
unmsm postulante,3.000000,0.000498,0.003789,6.749851
unmsm policía,3.000000,0.000498,0.003789,5.363557
policía examen,3.000000,0.000498,0.003789,4.333937
policía admisión,3.000000,0.000498,0.003789,4.370305
policía ataque,3.000000,0.000498,0.003789,5.027085
policía postulante,3.000000,0.000498,0.003789,6.056704
ministerio interior,5.000000,0.000830,0.005891,6.002216
ministerio salud,10.000000,0.001661,0.010630,5.442600
importancia pueblo,6.000000,0.000997,0.006887,6.140086
importancia reto,4.000000,0.000664,0.004861,6.924205
importancia lucha,5.000000,0.000830,0.005891,6.260045
isabel vania,6.000000,0.000997,0.006887,5.319540
isabel bludau,6.000000,0.000997,0.006887,5.319540
isabel reinas,7.000000,0.001163,0.007856,4.302053
isabel show,7.000000,0.001163,0.007856,4.064923
isabel acevedo,18.000000,0.002990,0.017377,6.618823
mu vacunación,3.000000,0.000498,0.003789,4.775770
mu frontera,3.000000,0.000498,0.003789,6.385208
guido bellido,7.000000,0.001163,0.007856,6.567530
fernández latorre,4.000000,0.000664,0.004861,7.771502
horóscopo signo,3.000000,0.000498,0.003789,5.874383
horóscopo domingo,4.000000,0.000664,0.004861,4.775770
horóscopo amor,3.000000,0.000498,0.003789,5.794340
horóscopo septiembre,4.000000,0.000664,0.004861,5.388875
horóscopo predicción,5.000000,0.000830,0.005891,7.078355
predicción signo,6.000000,0.000997,0.006887,7.078355
predicción carmen,3.000000,0.000498,0.003789,6.231057
predicción briceño,3.000000,0.000498,0.003789,7.483820
briceño signo,3.000000,0.000498,0.003789,6.790673
portada domingo,3.000000,0.000498,0.003789,4.488088
portada exitosa,3.000000,0.000498,0.003789,6.413379
diálogo gobierno,3.000000,0.000498,0.003789,5.045103
diálogo oposición,3.000000,0.000498,0.003789,6.749851
tumbes puente,3.000000,0.000498,0.003789,7.771502
osinergmin millón,3.000000,0.000498,0.003789,5.802062
osinergmin cobertura,3.000000,0.000498,0.003789,8.464650
osinergmin vale,3.000000,0.000498,0.003789,8.464650
cobertura millón,3.000000,0.000498,0.003789,5.802062
cobertura familia,3.000000,0.000498,0.003789,6.518740
cobertura vale,3.000000,0.000498,0.003789,8.464650
vale millón,3.000000,0.000498,0.003789,5.802062
vale familia,3.000000,0.000498,0.003789,6.518740
sétima vacunatón,6.000000,0.000997,0.006887,6.518740
sétima año,3.000000,0.000498,0.003789,3.788710
bono consulta,3.000000,0.000498,0.003789,6.385208
bono persona,4.000000,0.000664,0.004861,4.147162
bono sol,4.000000,0.000664,0.004861,6.066754
sol consulta,3.000000,0.000498,0.003789,6.472220
subsidio bono,3.000000,0.000498,0.003789,6.567530
gallese ramos,3.000000,0.000498,0.003789,7.260677
brecha vacunación,6.000000,0.000997,0.006887,5.720232
lee nota,4.000000,0.000664,0.004861,5.756599
banco nación,3.000000,0.000498,0.003789,7.483820
incendio vinchos,3.000000,0.000498,0.003789,7.953824
roberto palacios,3.000000,0.000498,0.003789,7.106526
rafael lópez,6.000000,0.000997,0.006887,6.844162
rafael aliaga,6.000000,0.000997,0.006887,7.617352
rafael emisario,6.000000,0.000997,0.006887,7.617352
lópez perú,3.000000,0.000498,0.003789,3.442965
lópez ministro,3.000000,0.000498,0.003789,5.005882
lópez cueva,4.000000,0.000664,0.004861,6.187382
lópez christian,3.000000,0.000498,0.003789,5.794340
lópez aliaga,6.000000,0.000997,0.006887,6.998313
lópez emisario,6.000000,0.000997,0.006887,6.998313
aliaga ministro,3.000000,0.000498,0.003789,5.779072
aliaga pedro,3.000000,0.000498,0.003789,5.537910
aliaga emisario,6.000000,0.000997,0.006887,7.771502
emisario premier,3.000000,0.000498,0.003789,6.036901
emisario ministro,3.000000,0.000498,0.003789,5.779072
emisario pedro,3.000000,0.000498,0.003789,5.537910
emisario castillo,3.000000,0.000498,0.003789,5.373607
bermejo miércoles,3.000000,0.000498,0.003789,7.771502
gabinete bellido,3.000000,0.000498,0.003789,5.874383
santiago suárez,4.000000,0.000664,0.004861,7.548359
guillermo bermejo,5.000000,0.000830,0.005891,7.078355
guillermo dávila,3.000000,0.000498,0.003789,6.749851
dina boluarte,5.000000,0.000830,0.005891,7.953824
dina activo,4.000000,0.000664,0.004861,7.953824
boluarte activo,4.000000,0.000664,0.004861,7.953824
negocio decisión,3.000000,0.000498,0.003789,6.385208
negocio sala,3.000000,0.000498,0.003789,6.790673
negocio constitucional,3.000000,0.000498,0.003789,6.972995
wilson soto,3.000000,0.000498,0.003789,7.953824
iber maraví,8.000000,0.001329,0.008801,6.880530
magaly medina,7.000000,0.001163,0.007856,6.472220
medina reinas,3.000000,0.000498,0.003789,3.760137
medina abuela,3.000000,0.000498,0.003789,6.924205
medina ritmo,3.000000,0.000498,0.003789,5.943375
medina cumbia,3.000000,0.000498,0.003789,6.413379
gabriela jiménez,3.000000,0.000498,0.003789,6.924205
gabriela herrera,9.000000,0.001495,0.009725,6.818844
gabriela diana,5.000000,0.000830,0.005891,6.924205
gabriela sánchez,4.000000,0.000664,0.004861,6.113274
gabriela malanga,3.000000,0.000498,0.003789,6.924205
vacunatorio lima,4.000000,0.000664,0.004861,4.252522
vacunatorio callao,4.000000,0.000664,0.004861,4.958092
impacto world,3.000000,0.000498,0.003789,8.464650
impacto trade,3.000000,0.000498,0.003789,8.464650
impacto center,3.000000,0.000498,0.003789,8.464650
world trade,3.000000,0.000498,0.003789,8.464650
world center,3.000000,0.000498,0.003789,8.464650
trade center,3.000000,0.000498,0.003789,8.464650
danna paola,3.000000,0.000498,0.003789,8.464650
gisela melissa,4.000000,0.000664,0.004861,5.206553
gisela valcárcel,8.000000,0.001329,0.008801,6.998313
gisela descompensación,3.000000,0.000498,0.003789,5.794340
ethel pozo,4.000000,0.000664,0.004861,8.176968
paolo guerrero,7.000000,0.001163,0.007856,6.730049
guerrero perú,4.000000,0.000664,0.004861,3.462383
guerrero venezuela,3.000000,0.000498,0.003789,3.551995
guerrero lapadula,6.000000,0.000997,0.006887,5.688595
guerrero gianluca,3.000000,0.000498,0.003789,5.882751
lotería dueño,3.000000,0.000498,0.003789,7.483820
lotería boleto,3.000000,0.000498,0.003789,7.771502
dueño boleto,3.000000,0.000498,0.003789,8.176968
herrera diana,5.000000,0.000830,0.005891,7.260677
herrera sánchez,5.000000,0.000830,0.005891,6.672890
herrera malanga,3.000000,0.000498,0.003789,7.260677
diana sánchez,5.000000,0.000830,0.005891,7.366037
sánchez eeuu,3.000000,0.000498,0.003789,5.520211
baigorria paloma,4.000000,0.000664,0.004861,7.142894
baigorria fiuza,3.000000,0.000498,0.003789,7.078355
baigorria herida,4.000000,0.000664,0.004861,7.366037
baigorria guerreros,3.000000,0.000498,0.003789,5.979743
pamela cueva,4.000000,0.000664,0.004861,6.960572
pamela christian,3.000000,0.000498,0.003789,6.567530
pamela lópez,4.000000,0.000664,0.004861,6.592847
brenda carvalho,5.000000,0.000830,0.005891,7.953824
gala reinas,5.000000,0.000830,0.005891,5.118261
gala show,5.000000,0.000830,0.005891,4.881131
nicola porcella,4.000000,0.000664,0.004861,8.176968
emilia reinas,3.000000,0.000498,0.003789,5.300582
emilia drago,3.000000,0.000498,0.003789,8.464650
drago reinas,3.000000,0.000498,0.003789,5.300582
drago show,3.000000,0.000498,0.003789,5.063452
rosángela espinoza,3.000000,0.000498,0.003789,8.176968
patricio parodi,3.000000,0.000498,0.003789,8.176968
ins variante,4.000000,0.000664,0.004861,6.855212
milagro delincuente,3.000000,0.000498,0.003789,6.231057
milagro camioneta,3.000000,0.000498,0.003789,5.925676
paloma fiuza,4.000000,0.000664,0.004861,7.953824
paloma herida,4.000000,0.000664,0.004861,7.953824
paloma guerreros,3.000000,0.000498,0.003789,6.567530
fiuza herida,3.000000,0.000498,0.003789,7.889286
herida méxico,3.000000,0.000498,0.003789,5.537910
herida guerreros,3.000000,0.000498,0.003789,6.790673
guerreros méxico,9.000000,0.001495,0.009725,5.537910
eva ayllón,5.000000,0.000830,0.005891,7.771502
eva daniela,4.000000,0.000664,0.004861,7.771502
eva darcourt,3.000000,0.000498,0.003789,7.771502
ayllón voz,4.000000,0.000664,0.004861,6.942223
ayllón daniela,3.000000,0.000498,0.003789,7.666142
ayllón darcourt,3.000000,0.000498,0.003789,7.953824
daniela voz,3.000000,0.000498,0.003789,6.877685
daniela darcourt,3.000000,0.000498,0.003789,8.176968
darcourt voz,3.000000,0.000498,0.003789,7.165367
darcourt gana,3.000000,0.000498,0.003789,7.953824
descompensación paredes,5.000000,0.000830,0.005891,5.468917
descompensación melissa,5.000000,0.000830,0.005891,5.692061
descompensación nervio,3.000000,0.000498,0.003789,7.260677
acevedo vania,6.000000,0.000997,0.006887,5.373607
acevedo bludau,6.000000,0.000997,0.006887,5.373607
acevedo reinas,13.000000,0.002159,0.013253,4.975160
acevedo show,7.000000,0.001163,0.007856,4.118991
acevedo versu,3.000000,0.000498,0.003789,6.672890
barrio actor,3.000000,0.000498,0.003789,7.165367
asu mare,4.000000,0.000664,0.004861,8.176968
carne caso,3.000000,0.000498,0.003789,5.899700
carne vaca,3.000000,0.000498,0.003789,7.953824
reina show,16.000000,0.002657,0.015759,4.700547
reina reality,3.000000,0.000498,0.003789,5.041473
reina participante,4.000000,0.000664,0.004861,4.980849
reina gisela,3.000000,0.000498,0.003789,4.961431
reina descompensación,4.000000,0.000664,0.004861,5.511477
reina flow,3.000000,0.000498,0.003789,6.427768
reina escena,3.000000,0.000498,0.003789,6.140086
razón chyno,3.000000,0.000498,0.003789,7.483820
razón miranda,3.000000,0.000498,0.003789,7.483820
razón natasha,3.000000,0.000498,0.003789,7.078355
chyno miranda,4.000000,0.000664,0.004861,8.176968
chyno natasha,4.000000,0.000664,0.004861,7.771502
chyno araos,4.000000,0.000664,0.004861,7.771502
miranda natasha,5.000000,0.000830,0.005891,7.994646
miranda araos,4.000000,0.000664,0.004861,7.771502
natasha araos,6.000000,0.000997,0.006887,7.771502
angie jibaja,3.000000,0.000498,0.003789,8.176968
hijo paul,3.000000,0.000498,0.003789,6.385208
arma fuego,4.000000,0.000664,0.004861,7.078355
arma kandahar,3.000000,0.000498,0.003789,7.483820
arma cuna,3.000000,0.000498,0.003789,7.483820
tilsa lozano,3.000000,0.000498,0.003789,7.953824
versu bachata,3.000000,0.000498,0.003789,7.953824
muerto herido,3.000000,0.000498,0.003789,6.790673
tiroteo capital,3.000000,0.000498,0.003789,6.636523
tiroteo washington,4.000000,0.000664,0.004861,7.260677
tiroteo dc,3.000000,0.000498,0.003789,7.483820
flow riesgo,3.000000,0.000498,0.003789,6.672890
flow escena,3.000000,0.000498,0.003789,8.176968
escena riesgo,3.000000,0.000498,0.003789,6.385208
lady reinas,3.000000,0.000498,0.003789,4.096609
lady show,3.000000,0.000498,0.003789,3.859479
lady guillén,8.000000,0.001329,0.008801,7.142894
nombre negocio,3.000000,0.000498,0.003789,6.502991
nombre decisión,3.000000,0.000498,0.003789,6.385208
nombre encargada,3.000000,0.000498,0.003789,6.790673
decisión reelección,3.000000,0.000498,0.003789,6.267425
decisión sala,3.000000,0.000498,0.003789,6.672890
decisión constitucional,3.000000,0.000498,0.003789,6.855212
sheyla rojas,3.000000,0.000498,0.003789,7.771502
olivo camioneta,4.000000,0.000664,0.004861,6.213358
ritmo reinas,4.000000,0.000664,0.004861,4.607435
ritmo show,3.000000,0.000498,0.003789,4.082623
ritmo cumbia,3.000000,0.000498,0.003789,6.972995
campo juego,3.000000,0.000498,0.003789,7.106526
golpe guinea,3.000000,0.000498,0.003789,6.318069
señal movistar,3.000000,0.000498,0.003789,4.636008
señal deportes,3.000000,0.000498,0.003789,5.574278
auge kandahar,3.000000,0.000498,0.003789,8.464650
kandahar talibán,3.000000,0.000498,0.003789,6.618823
kandahar afganistán,3.000000,0.000498,0.003789,6.162065
kandahar cuna,3.000000,0.000498,0.003789,8.464650
cuna talibán,3.000000,0.000498,0.003789,6.618823
cuna afganistán,3.000000,0.000498,0.003789,6.162065
sam heughan,3.000000,0.000498,0.003789,8.464650
sam sophie,3.000000,0.000498,0.003789,8.464650
sam skelton,3.000000,0.000498,0.003789,8.464650
heughan sophie,3.000000,0.000498,0.003789,8.464650
heughan skelton,3.000000,0.000498,0.003789,8.464650
sophie skelton,3.000000,0.000498,0.003789,8.464650
salud región,3.000000,0.000498,0.003789,3.545480
salud dosis,3.000000,0.000498,0.003789,3.746151
salud minsa,4.000000,0.000664,0.004861,4.250056
salud amor,3.000000,0.000498,0.003789,4.764720
noche venezuela,5.000000,0.000830,0.005891,4.593449
noche fecha,3.000000,0.000498,0.003789,4.447266
leslie moscoso,3.000000,0.000498,0.003789,8.464650
oposición méxico,3.000000,0.000498,0.003789,4.621620
fuerza popular,3.000000,0.000498,0.003789,5.899700
alpha condé,5.000000,0.000830,0.005891,7.617352
capital washington,3.000000,0.000498,0.003789,7.106526
capital dc,3.000000,0.000498,0.003789,7.617352
ee uu,11.000000,0.001827,0.011519,7.165367
fallo reelección,3.000000,0.000498,0.003789,6.855212
reelección presidente,3.000000,0.000498,0.003789,4.370305
reelección bukele,3.000000,0.000498,0.003789,6.385208
reelección salvador,3.000000,0.000498,0.003789,6.162065
líder grupo,4.000000,0.000664,0.004861,4.695728
líder presidente,3.000000,0.000498,0.003789,4.002580
líder gobierno,3.000000,0.000498,0.003789,4.089592
líder talibán,3.000000,0.000498,0.003789,5.152486
líder fuerzas,3.000000,0.000498,0.003789,6.710631
contenido suscriptor,6.000000,0.000997,0.006887,7.483820
contenido comercio,6.000000,0.000997,0.006887,7.483820
contenido suscríbete,6.000000,0.000997,0.006887,7.483820
suscriptor informe,6.000000,0.000997,0.006887,6.924205
suscriptor comercio,6.000000,0.000997,0.006887,7.771502
suscriptor suscríbete,6.000000,0.000997,0.006887,7.771502
comercio informe,6.000000,0.000997,0.006887,6.924205
comercio suscríbete,6.000000,0.000997,0.006887,7.771502
suscríbete informe,6.000000,0.000997,0.006887,6.924205
militantes perú,3.000000,0.000498,0.003789,4.909302
militantes condición,3.000000,0.000498,0.003789,7.366037
militantes libre,3.000000,0.000498,0.003789,6.998313
tolerancia josé,4.000000,0.000664,0.004861,6.295596
tolerancia presidente,5.000000,0.000830,0.005891,5.468917
tolerancia cerrón,5.000000,0.000830,0.005891,6.855212
huracán ida,3.000000,0.000498,0.003789,7.483820
washington dc,3.000000,0.000498,0.003789,7.953824
tipo cambio,3.000000,0.000498,0.003789,6.924205
tipo domingo,3.000000,0.000498,0.003789,5.692061
teniente mamady,3.000000,0.000498,0.003789,8.176968
teniente doumbouya,3.000000,0.000498,0.003789,8.176968
mamady grupo,3.000000,0.000498,0.003789,5.586700
mamady líder,3.000000,0.000498,0.003789,6.710631
mamady doumbouya,4.000000,0.000664,0.004861,8.176968
doumbouya grupo,3.000000,0.000498,0.003789,5.586700
doumbouya líder,3.000000,0.000498,0.003789,6.710631
doumbouya fuerzas,4.000000,0.000664,0.004861,8.176968
fuerzas presidente,3.000000,0.000498,0.003789,5.181235
fuerzas condé,3.000000,0.000498,0.003789,7.329670
fuerzas alpha,3.000000,0.000498,0.003789,7.666142
poesía chepén,4.000000,0.000664,0.004861,8.464650
sarah harding,3.000000,0.000498,0.003789,8.464650
sarah girls,3.000000,0.000498,0.003789,8.464650
harding girls,3.000000,0.000498,0.003789,8.464650
harding aloud,3.000000,0.000498,0.003789,8.464650
girls año,4.000000,0.000664,0.004861,4.769540
girls aloud,3.000000,0.000498,0.003789,8.464650
aloud año,4.000000,0.000664,0.004861,4.769540
habitante municipio,3.000000,0.000498,0.003789,7.666142
nayib bukele,3.000000,0.000498,0.003789,7.483820
experiencia inteligencia,3.000000,0.000498,0.003789,7.260677
experiencia pergamino,3.000000,0.000498,0.003789,7.771502
experiencia círculo,3.000000,0.000498,0.003789,7.771502
jurado reinas,3.000000,0.000498,0.003789,4.789756
jurado show,3.000000,0.000498,0.003789,4.552627
sala presidente,3.000000,0.000498,0.003789,4.775770
sala reelección,3.000000,0.000498,0.003789,6.672890
sala constitucional,3.000000,0.000498,0.003789,7.260677
alberto director,3.000000,0.000498,0.003789,5.586700
alberto tejada,3.000000,0.000498,0.003789,7.483820
alberto diris,3.000000,0.000498,0.003789,7.483820
exitosa setiembre,3.000000,0.000498,0.003789,5.052402
exitosa domingo,3.000000,0.000498,0.003789,4.844763
exitosa señal,3.000000,0.000498,0.003789,5.825592
tejada lima,3.000000,0.000498,0.003789,5.168813
tejada director,3.000000,0.000498,0.003789,6.567530
tejada diris,3.000000,0.000498,0.003789,8.464650
diris lima,3.000000,0.000498,0.003789,5.168813
diris sur,3.000000,0.000498,0.003789,6.998313
rango edad,3.000000,0.000498,0.003789,7.329670
radio señal,3.000000,0.000498,0.003789,6.672890
radio exitosa,3.000000,0.000498,0.003789,7.617352
delgado eliminatorias,3.000000,0.000498,0.003789,4.598089
delgado fecha,3.000000,0.000498,0.003789,5.140413
delgado sudamericanas,3.000000,0.000498,0.003789,5.756599
sudamericanas partido,8.000000,0.001329,0.008801,3.702476
sudamericanas estadio,3.000000,0.000498,0.003789,4.070201
sudamericanas nacional,3.000000,0.000498,0.003789,3.728451
giammattei ciudadano,3.000000,0.000498,0.003789,6.877685
suprema salvador,4.000000,0.000664,0.004861,6.855212
encargada negocio,4.000000,0.000664,0.004861,7.078355
encargada decisión,3.000000,0.000498,0.003789,6.672890
encargada sala,3.000000,0.000498,0.003789,7.078355
getty images,6.000000,0.000997,0.006887,7.771502
distribución vacuna,3.000000,0.000498,0.003789,5.979743
distribución millón,3.000000,0.000498,0.003789,5.514380
distribución dosis,3.000000,0.000498,0.003789,5.692061
ayacucho incendio,3.000000,0.000498,0.003789,7.953824
anderson gobierno,3.000000,0.000498,0.003789,5.555929
anderson cao,3.000000,0.000498,0.003789,8.464650
cao gobierno,3.000000,0.000498,0.003789,5.555929
perla jefe,4.000000,0.000664,0.004861,6.618823
perla dini,4.000000,0.000664,0.004861,6.790673
perla experiencia,3.000000,0.000498,0.003789,7.483820
pergamino presidente,3.000000,0.000498,0.003789,5.468917
pergamino círculo,3.000000,0.000498,0.003789,8.464650
círculo presidente,3.000000,0.000498,0.003789,5.468917
movimiento alianza,3.000000,0.000498,0.003789,6.502991
movimiento democrática,3.000000,0.000498,0.003789,8.176968
movimiento gobernabilidad,3.000000,0.000498,0.003789,8.176968
democrática gobernabilidad,3.000000,0.000498,0.003789,8.464650
escalada premier,3.000000,0.000498,0.003789,6.730049
escalada bellido,3.000000,0.000498,0.003789,6.567530
escalada misógina,3.000000,0.000498,0.003789,8.464650
misógina premier,3.000000,0.000498,0.003789,6.730049
misógina bellido,3.000000,0.000498,0.003789,6.567530
misógina lupa,3.000000,0.000498,0.003789,8.464650
yolanda medina,5.000000,0.000830,0.005891,6.924205
yolanda ritmo,3.000000,0.000498,0.003789,6.972995
yolanda cumbia,3.000000,0.000498,0.003789,7.442998
constitucional presidente,3.000000,0.000498,0.003789,4.958092
constitucional reelección,3.000000,0.000498,0.003789,6.855212
nicanor vida,4.000000,0.000664,0.004861,6.231057
nicanor año,4.000000,0.000664,0.004861,4.481858
nicanor parra,4.000000,0.000664,0.004861,7.483820
parra día,4.000000,0.000664,0.004861,4.726980
parra vida,4.000000,0.000664,0.004861,5.537910
parra año,8.000000,0.001329,0.008801,4.481858
parra poeta,4.000000,0.000664,0.004861,6.567530
logro mujer,4.000000,0.000664,0.004861,5.578918
logro américa,4.000000,0.000664,0.004861,6.701061
logro latina→,4.000000,0.000664,0.004861,7.953824
